year,word,count,total_words,freq_per_million
2015,delve,2,863257,2.3168
2015,delves,0,863257,0.0
2015,delved,3,863257,3.4752
2015,delving,1,863257,1.1584
2015,underscore,3,863257,3.4752
2015,underscores,5,863257,5.792
2015,underscored,4,863257,4.6336
2015,underscoring,1,863257,1.1584
2015,nuanced,20,863257,23.1681
2015,nuance,10,863257,11.584
2015,nuances,12,863257,13.9008
2015,multifaceted,1,863257,1.1584
2015,foster,36,863257,41.7025
2015,fosters,7,863257,8.1088
2015,fostered,0,863257,0.0
2015,fostering,13,863257,15.0592
2015,landscape,26,863257,30.1185
2015,landscapes,5,863257,5.792
2015,tapestry,0,863257,0.0
2015,tapestries,0,863257,0.0
2015,crucial,53,863257,61.3954
2015,crucially,1,863257,1.1584
2015,arguably,19,863257,22.0097
2015,notably,21,863257,24.3265
2015,paramount,3,863257,3.4752
2015,intricate,5,863257,5.792
2015,intricately,1,863257,1.1584
2015,comprehensive,47,863257,54.445
2015,comprehensively,5,863257,5.792
2015,robust,14,863257,16.2177
2015,robustly,0,863257,0.0
2015,leverage,32,863257,37.0689
2015,leverages,1,863257,1.1584
2015,leveraged,5,863257,5.792
2015,leveraging,6,863257,6.9504
2015,harness,6,863257,6.9504
2015,harnessing,1,863257,1.1584
2015,harnessed,1,863257,1.1584
2015,pivotal,3,863257,3.4752
2015,realm,14,863257,16.2177
2015,realms,2,863257,2.3168
2015,vibrant,12,863257,13.9008
2015,dynamic,36,863257,41.7025
2015,dynamics,18,863257,20.8513
2015,holistic,9,863257,10.4256
2015,holistically,2,863257,2.3168
2015,groundbreaking,6,863257,6.9504
2015,innovative,37,863257,42.8609
2015,innovation,71,863257,82.2467
2015,transformative,8,863257,9.2672
2015,unprecedented,33,863257,38.2273
2015,synergy,12,863257,13.9008
2015,synergies,1,863257,1.1584
2015,synergistic,0,863257,0.0
2015,streamline,6,863257,6.9504
2015,streamlines,2,863257,2.3168
2015,streamlined,3,863257,3.4752
2015,ecosystem,15,863257,17.3761
2015,ecosystems,10,863257,11.584
2016,delve,7,844702,8.2869
2016,delves,1,844702,1.1838
2016,delved,5,844702,5.9192
2016,delving,4,844702,4.7354
2016,underscore,2,844702,2.3677
2016,underscores,3,844702,3.5515
2016,underscored,3,844702,3.5515
2016,underscoring,0,844702,0.0
2016,nuanced,25,844702,29.5962
2016,nuance,13,844702,15.39
2016,nuances,10,844702,11.8385
2016,multifaceted,3,844702,3.5515
2016,foster,35,844702,41.4347
2016,fosters,5,844702,5.9192
2016,fostered,5,844702,5.9192
2016,fostering,14,844702,16.5739
2016,landscape,19,844702,22.4931
2016,landscapes,3,844702,3.5515
2016,tapestry,0,844702,0.0
2016,tapestries,1,844702,1.1838
2016,crucial,33,844702,39.067
2016,crucially,3,844702,3.5515
2016,arguably,23,844702,27.2285
2016,notably,13,844702,15.39
2016,paramount,4,844702,4.7354
2016,intricate,4,844702,4.7354
2016,intricately,2,844702,2.3677
2016,comprehensive,58,844702,68.6633
2016,comprehensively,3,844702,3.5515
2016,robust,7,844702,8.2869
2016,robustly,0,844702,0.0
2016,leverage,18,844702,21.3093
2016,leverages,1,844702,1.1838
2016,leveraged,3,844702,3.5515
2016,leveraging,1,844702,1.1838
2016,harness,4,844702,4.7354
2016,harnessing,1,844702,1.1838
2016,harnessed,1,844702,1.1838
2016,pivotal,5,844702,5.9192
2016,realm,26,844702,30.7801
2016,realms,4,844702,4.7354
2016,vibrant,11,844702,13.0223
2016,dynamic,17,844702,20.1254
2016,dynamics,25,844702,29.5962
2016,holistic,8,844702,9.4708
2016,holistically,5,844702,5.9192
2016,groundbreaking,4,844702,4.7354
2016,innovative,25,844702,29.5962
2016,innovation,80,844702,94.708
2016,transformative,12,844702,14.2062
2016,unprecedented,26,844702,30.7801
2016,synergy,6,844702,7.1031
2016,synergies,1,844702,1.1838
2016,synergistic,0,844702,0.0
2016,streamline,4,844702,4.7354
2016,streamlines,1,844702,1.1838
2016,streamlined,1,844702,1.1838
2016,ecosystem,9,844702,10.6546
2016,ecosystems,4,844702,4.7354
2017,delve,7,835235,8.3809
2017,delves,1,835235,1.1973
2017,delved,3,835235,3.5918
2017,delving,2,835235,2.3945
2017,underscore,2,835235,2.3945
2017,underscores,0,835235,0.0
2017,underscored,5,835235,5.9863
2017,underscoring,2,835235,2.3945
2017,nuanced,16,835235,19.1563
2017,nuance,5,835235,5.9863
2017,nuances,7,835235,8.3809
2017,multifaceted,3,835235,3.5918
2017,foster,36,835235,43.1016
2017,fosters,7,835235,8.3809
2017,fostered,5,835235,5.9863
2017,fostering,14,835235,16.7617
2017,landscape,22,835235,26.3399
2017,landscapes,5,835235,5.9863
2017,tapestry,0,835235,0.0
2017,tapestries,0,835235,0.0
2017,crucial,59,835235,70.6388
2017,crucially,2,835235,2.3945
2017,arguably,11,835235,13.1699
2017,notably,13,835235,15.5645
2017,paramount,4,835235,4.7891
2017,intricate,4,835235,4.7891
2017,intricately,2,835235,2.3945
2017,comprehensive,28,835235,33.5235
2017,comprehensively,1,835235,1.1973
2017,robust,15,835235,17.959
2017,robustly,0,835235,0.0
2017,leverage,18,835235,21.5508
2017,leverages,1,835235,1.1973
2017,leveraged,3,835235,3.5918
2017,leveraging,7,835235,8.3809
2017,harness,4,835235,4.7891
2017,harnessing,6,835235,7.1836
2017,harnessed,1,835235,1.1973
2017,pivotal,2,835235,2.3945
2017,realm,8,835235,9.5781
2017,realms,2,835235,2.3945
2017,vibrant,20,835235,23.9454
2017,dynamic,34,835235,40.7071
2017,dynamics,18,835235,21.5508
2017,holistic,9,835235,10.7754
2017,holistically,3,835235,3.5918
2017,groundbreaking,3,835235,3.5918
2017,innovative,25,835235,29.9317
2017,innovation,72,835235,86.2033
2017,transformative,7,835235,8.3809
2017,unprecedented,24,835235,28.7344
2017,synergy,17,835235,20.3536
2017,synergies,0,835235,0.0
2017,synergistic,0,835235,0.0
2017,streamline,2,835235,2.3945
2017,streamlines,1,835235,1.1973
2017,streamlined,3,835235,3.5918
2017,ecosystem,9,835235,10.7754
2017,ecosystems,8,835235,9.5781
2018,delve,5,904666,5.5269
2018,delves,0,904666,0.0
2018,delved,3,904666,3.3161
2018,delving,3,904666,3.3161
2018,underscore,1,904666,1.1054
2018,underscores,2,904666,2.2108
2018,underscored,3,904666,3.3161
2018,underscoring,1,904666,1.1054
2018,nuanced,8,904666,8.843
2018,nuance,10,904666,11.0538
2018,nuances,10,904666,11.0538
2018,multifaceted,7,904666,7.7377
2018,foster,72,904666,79.5874
2018,fosters,10,904666,11.0538
2018,fostered,6,904666,6.6323
2018,fostering,14,904666,15.4753
2018,landscape,29,904666,32.056
2018,landscapes,4,904666,4.4215
2018,tapestry,0,904666,0.0
2018,tapestries,2,904666,2.2108
2018,crucial,65,904666,71.8497
2018,crucially,7,904666,7.7377
2018,arguably,13,904666,14.3699
2018,notably,14,904666,15.4753
2018,paramount,1,904666,1.1054
2018,intricate,3,904666,3.3161
2018,intricately,2,904666,2.2108
2018,comprehensive,24,904666,26.5291
2018,comprehensively,2,904666,2.2108
2018,robust,13,904666,14.3699
2018,robustly,1,904666,1.1054
2018,leverage,28,904666,30.9506
2018,leverages,2,904666,2.2108
2018,leveraged,7,904666,7.7377
2018,leveraging,8,904666,8.843
2018,harness,9,904666,9.9484
2018,harnessing,2,904666,2.2108
2018,harnessed,0,904666,0.0
2018,pivotal,10,904666,11.0538
2018,realm,27,904666,29.8453
2018,realms,1,904666,1.1054
2018,vibrant,14,904666,15.4753
2018,dynamic,22,904666,24.3184
2018,dynamics,22,904666,24.3184
2018,holistic,14,904666,15.4753
2018,holistically,5,904666,5.5269
2018,groundbreaking,9,904666,9.9484
2018,innovative,25,904666,27.6345
2018,innovation,81,904666,89.5358
2018,transformative,10,904666,11.0538
2018,unprecedented,18,904666,19.8968
2018,synergy,4,904666,4.4215
2018,synergies,0,904666,0.0
2018,synergistic,0,904666,0.0
2018,streamline,8,904666,8.843
2018,streamlines,1,904666,1.1054
2018,streamlined,3,904666,3.3161
2018,ecosystem,11,904666,12.1592
2018,ecosystems,5,904666,5.5269
2019,delve,7,908130,7.7081
2019,delves,2,908130,2.2023
2019,delved,2,908130,2.2023
2019,delving,5,908130,5.5058
2019,underscore,4,908130,4.4047
2019,underscores,6,908130,6.607
2019,underscored,9,908130,9.9105
2019,underscoring,4,908130,4.4047
2019,nuanced,15,908130,16.5175
2019,nuance,14,908130,15.4163
2019,nuances,9,908130,9.9105
2019,multifaceted,8,908130,8.8093
2019,foster,61,908130,67.171
2019,fosters,7,908130,7.7081
2019,fostered,3,908130,3.3035
2019,fostering,28,908130,30.8326
2019,landscape,29,908130,31.9338
2019,landscapes,6,908130,6.607
2019,tapestry,2,908130,2.2023
2019,tapestries,0,908130,0.0
2019,crucial,65,908130,71.5757
2019,crucially,10,908130,11.0116
2019,arguably,11,908130,12.1128
2019,notably,22,908130,24.2256
2019,paramount,6,908130,6.607
2019,intricate,2,908130,2.2023
2019,intricately,0,908130,0.0
2019,comprehensive,52,908130,57.2605
2019,comprehensively,4,908130,4.4047
2019,robust,32,908130,35.2372
2019,robustly,0,908130,0.0
2019,leverage,16,908130,17.6186
2019,leverages,3,908130,3.3035
2019,leveraged,6,908130,6.607
2019,leveraging,6,908130,6.607
2019,harness,6,908130,6.607
2019,harnessing,1,908130,1.1012
2019,harnessed,0,908130,0.0
2019,pivotal,14,908130,15.4163
2019,realm,20,908130,22.0233
2019,realms,3,908130,3.3035
2019,vibrant,18,908130,19.821
2019,dynamic,31,908130,34.1361
2019,dynamics,8,908130,8.8093
2019,holistic,18,908130,19.821
2019,holistically,5,908130,5.5058
2019,groundbreaking,10,908130,11.0116
2019,innovative,27,908130,29.7314
2019,innovation,106,908130,116.7234
2019,transformative,8,908130,8.8093
2019,unprecedented,26,908130,28.6303
2019,synergy,6,908130,6.607
2019,synergies,1,908130,1.1012
2019,synergistic,1,908130,1.1012
2019,streamline,12,908130,13.214
2019,streamlines,1,908130,1.1012
2019,streamlined,4,908130,4.4047
2019,ecosystem,16,908130,17.6186
2019,ecosystems,2,908130,2.2023
2020,delve,3,1232329,2.4344
2020,delves,0,1232329,0.0
2020,delved,1,1232329,0.8115
2020,delving,2,1232329,1.6229
2020,underscore,4,1232329,3.2459
2020,underscores,6,1232329,4.8688
2020,underscored,7,1232329,5.6803
2020,underscoring,2,1232329,1.6229
2020,nuanced,14,1232329,11.3606
2020,nuance,14,1232329,11.3606
2020,nuances,6,1232329,4.8688
2020,multifaceted,5,1232329,4.0574
2020,foster,81,1232329,65.7292
2020,fosters,4,1232329,3.2459
2020,fostered,5,1232329,4.0574
2020,fostering,21,1232329,17.0409
2020,landscape,33,1232329,26.7786
2020,landscapes,0,1232329,0.0
2020,tapestry,0,1232329,0.0
2020,tapestries,0,1232329,0.0
2020,crucial,93,1232329,75.4669
2020,crucially,2,1232329,1.6229
2020,arguably,12,1232329,9.7377
2020,notably,34,1232329,27.59
2020,paramount,8,1232329,6.4918
2020,intricate,5,1232329,4.0574
2020,intricately,0,1232329,0.0
2020,comprehensive,51,1232329,41.3851
2020,comprehensively,5,1232329,4.0574
2020,robust,58,1232329,47.0654
2020,robustly,1,1232329,0.8115
2020,leverage,19,1232329,15.418
2020,leverages,1,1232329,0.8115
2020,leveraged,10,1232329,8.1147
2020,leveraging,7,1232329,5.6803
2020,harness,9,1232329,7.3032
2020,harnessing,1,1232329,0.8115
2020,harnessed,2,1232329,1.6229
2020,pivotal,18,1232329,14.6065
2020,realm,9,1232329,7.3032
2020,realms,2,1232329,1.6229
2020,vibrant,14,1232329,11.3606
2020,dynamic,22,1232329,17.8524
2020,dynamics,20,1232329,16.2294
2020,holistic,20,1232329,16.2294
2020,holistically,5,1232329,4.0574
2020,groundbreaking,2,1232329,1.6229
2020,innovative,30,1232329,24.3441
2020,innovation,60,1232329,48.6883
2020,transformative,6,1232329,4.8688
2020,unprecedented,105,1232329,85.2045
2020,synergy,1,1232329,0.8115
2020,synergies,0,1232329,0.0
2020,synergistic,0,1232329,0.0
2020,streamline,8,1232329,6.4918
2020,streamlines,0,1232329,0.0
2020,streamlined,7,1232329,5.6803
2020,ecosystem,13,1232329,10.5491
2020,ecosystems,3,1232329,2.4344
2021,delve,4,724890,5.5181
2021,delves,0,724890,0.0
2021,delved,2,724890,2.759
2021,delving,0,724890,0.0
2021,underscore,5,724890,6.8976
2021,underscores,3,724890,4.1386
2021,underscored,13,724890,17.9338
2021,underscoring,3,724890,4.1386
2021,nuanced,5,724890,6.8976
2021,nuance,4,724890,5.5181
2021,nuances,4,724890,5.5181
2021,multifaceted,3,724890,4.1386
2021,foster,53,724890,73.1145
2021,fosters,3,724890,4.1386
2021,fostered,5,724890,6.8976
2021,fostering,16,724890,22.0723
2021,landscape,31,724890,42.7651
2021,landscapes,0,724890,0.0
2021,tapestry,0,724890,0.0
2021,tapestries,0,724890,0.0
2021,crucial,72,724890,99.3254
2021,crucially,4,724890,5.5181
2021,arguably,4,724890,5.5181
2021,notably,24,724890,33.1085
2021,paramount,3,724890,4.1386
2021,intricate,3,724890,4.1386
2021,intricately,0,724890,0.0
2021,comprehensive,29,724890,40.0061
2021,comprehensively,1,724890,1.3795
2021,robust,35,724890,48.2832
2021,robustly,1,724890,1.3795
2021,leverage,15,724890,20.6928
2021,leverages,1,724890,1.3795
2021,leveraged,3,724890,4.1386
2021,leveraging,6,724890,8.2771
2021,harness,0,724890,0.0
2021,harnessing,1,724890,1.3795
2021,harnessed,1,724890,1.3795
2021,pivotal,6,724890,8.2771
2021,realm,12,724890,16.5542
2021,realms,5,724890,6.8976
2021,vibrant,9,724890,12.4157
2021,dynamic,18,724890,24.8314
2021,dynamics,13,724890,17.9338
2021,holistic,9,724890,12.4157
2021,holistically,5,724890,6.8976
2021,groundbreaking,3,724890,4.1386
2021,innovative,15,724890,20.6928
2021,innovation,58,724890,80.0121
2021,transformative,20,724890,27.5904
2021,unprecedented,25,724890,34.488
2021,synergy,8,724890,11.0362
2021,synergies,0,724890,0.0
2021,synergistic,0,724890,0.0
2021,streamline,2,724890,2.759
2021,streamlines,0,724890,0.0
2021,streamlined,3,724890,4.1386
2021,ecosystem,16,724890,22.0723
2021,ecosystems,6,724890,8.2771
2022,delve,2,596213,3.3545
2022,delves,1,596213,1.6773
2022,delved,4,596213,6.709
2022,delving,4,596213,6.709
2022,underscore,0,596213,0.0
2022,underscores,1,596213,1.6773
2022,underscored,13,596213,21.8043
2022,underscoring,2,596213,3.3545
2022,nuanced,16,596213,26.836
2022,nuance,1,596213,1.6773
2022,nuances,3,596213,5.0318
2022,multifaceted,1,596213,1.6773
2022,foster,45,596213,75.4764
2022,fosters,8,596213,13.418
2022,fostered,4,596213,6.709
2022,fostering,12,596213,20.127
2022,landscape,16,596213,26.836
2022,landscapes,1,596213,1.6773
2022,tapestry,0,596213,0.0
2022,tapestries,0,596213,0.0
2022,crucial,28,596213,46.9631
2022,crucially,3,596213,5.0318
2022,arguably,2,596213,3.3545
2022,notably,12,596213,20.127
2022,paramount,3,596213,5.0318
2022,intricate,4,596213,6.709
2022,intricately,0,596213,0.0
2022,comprehensive,24,596213,40.2541
2022,comprehensively,0,596213,0.0
2022,robust,27,596213,45.2858
2022,robustly,0,596213,0.0
2022,leverage,8,596213,13.418
2022,leverages,1,596213,1.6773
2022,leveraged,2,596213,3.3545
2022,leveraging,8,596213,13.418
2022,harness,3,596213,5.0318
2022,harnessing,2,596213,3.3545
2022,harnessed,0,596213,0.0
2022,pivotal,3,596213,5.0318
2022,realm,7,596213,11.7408
2022,realms,2,596213,3.3545
2022,vibrant,14,596213,23.4815
2022,dynamic,16,596213,26.836
2022,dynamics,19,596213,31.8678
2022,holistic,23,596213,38.5768
2022,holistically,3,596213,5.0318
2022,groundbreaking,5,596213,8.3863
2022,innovative,20,596213,33.5451
2022,innovation,60,596213,100.6352
2022,transformative,11,596213,18.4498
2022,unprecedented,18,596213,30.1906
2022,synergy,1,596213,1.6773
2022,synergies,0,596213,0.0
2022,synergistic,1,596213,1.6773
2022,streamline,2,596213,3.3545
2022,streamlines,0,596213,0.0
2022,streamlined,5,596213,8.3863
2022,ecosystem,19,596213,31.8678
2022,ecosystems,8,596213,13.418
2023,delve,0,481855,0.0
2023,delves,0,481855,0.0
2023,delved,4,481855,8.3013
2023,delving,0,481855,0.0
2023,underscore,4,481855,8.3013
2023,underscores,0,481855,0.0
2023,underscored,3,481855,6.2259
2023,underscoring,0,481855,0.0
2023,nuanced,4,481855,8.3013
2023,nuance,4,481855,8.3013
2023,nuances,3,481855,6.2259
2023,multifaceted,1,481855,2.0753
2023,foster,33,481855,68.4853
2023,fosters,2,481855,4.1506
2023,fostered,3,481855,6.2259
2023,fostering,10,481855,20.7531
2023,landscape,18,481855,37.3556
2023,landscapes,2,481855,4.1506
2023,tapestry,1,481855,2.0753
2023,tapestries,0,481855,0.0
2023,crucial,33,481855,68.4853
2023,crucially,2,481855,4.1506
2023,arguably,3,481855,6.2259
2023,notably,9,481855,18.6778
2023,paramount,4,481855,8.3013
2023,intricate,5,481855,10.3766
2023,intricately,0,481855,0.0
2023,comprehensive,18,481855,37.3556
2023,comprehensively,0,481855,0.0
2023,robust,18,481855,37.3556
2023,robustly,0,481855,0.0
2023,leverage,8,481855,16.6025
2023,leverages,0,481855,0.0
2023,leveraged,2,481855,4.1506
2023,leveraging,3,481855,6.2259
2023,harness,2,481855,4.1506
2023,harnessing,1,481855,2.0753
2023,harnessed,1,481855,2.0753
2023,pivotal,3,481855,6.2259
2023,realm,2,481855,4.1506
2023,realms,2,481855,4.1506
2023,vibrant,6,481855,12.4519
2023,dynamic,8,481855,16.6025
2023,dynamics,2,481855,4.1506
2023,holistic,19,481855,39.4309
2023,holistically,3,481855,6.2259
2023,groundbreaking,8,481855,16.6025
2023,innovative,19,481855,39.4309
2023,innovation,34,481855,70.5606
2023,transformative,9,481855,18.6778
2023,unprecedented,7,481855,14.5272
2023,synergy,2,481855,4.1506
2023,synergies,0,481855,0.0
2023,synergistic,0,481855,0.0
2023,streamline,4,481855,8.3013
2023,streamlines,0,481855,0.0
2023,streamlined,3,481855,6.2259
2023,ecosystem,15,481855,31.1297
2023,ecosystems,9,481855,18.6778
2024,delve,4,421891,9.4811
2024,delves,2,421891,4.7406
2024,delved,7,421891,16.592
2024,delving,1,421891,2.3703
2024,underscore,2,421891,4.7406
2024,underscores,0,421891,0.0
2024,underscored,11,421891,26.0731
2024,underscoring,2,421891,4.7406
2024,nuanced,13,421891,30.8136
2024,nuance,6,421891,14.2217
2024,nuances,0,421891,0.0
2024,multifaceted,2,421891,4.7406
2024,foster,27,421891,63.9976
2024,fosters,5,421891,11.8514
2024,fostered,7,421891,16.592
2024,fostering,15,421891,35.5542
2024,landscape,20,421891,47.4056
2024,landscapes,2,421891,4.7406
2024,tapestry,0,421891,0.0
2024,tapestries,0,421891,0.0
2024,crucial,26,421891,61.6273
2024,crucially,1,421891,2.3703
2024,arguably,5,421891,11.8514
2024,notably,12,421891,28.4434
2024,paramount,1,421891,2.3703
2024,intricate,1,421891,2.3703
2024,intricately,0,421891,0.0
2024,comprehensive,15,421891,35.5542
2024,comprehensively,0,421891,0.0
2024,robust,16,421891,37.9245
2024,robustly,0,421891,0.0
2024,leverage,12,421891,28.4434
2024,leverages,1,421891,2.3703
2024,leveraged,2,421891,4.7406
2024,leveraging,4,421891,9.4811
2024,harness,4,421891,9.4811
2024,harnessing,2,421891,4.7406
2024,harnessed,0,421891,0.0
2024,pivotal,9,421891,21.3325
2024,realm,5,421891,11.8514
2024,realms,0,421891,0.0
2024,vibrant,14,421891,33.1839
2024,dynamic,11,421891,26.0731
2024,dynamics,9,421891,21.3325
2024,holistic,9,421891,21.3325
2024,holistically,2,421891,4.7406
2024,groundbreaking,5,421891,11.8514
2024,innovative,10,421891,23.7028
2024,innovation,53,421891,125.6249
2024,transformative,7,421891,16.592
2024,unprecedented,25,421891,59.257
2024,synergy,0,421891,0.0
2024,synergies,0,421891,0.0
2024,synergistic,1,421891,2.3703
2024,streamline,2,421891,4.7406
2024,streamlines,1,421891,2.3703
2024,streamlined,8,421891,18.9622
2024,ecosystem,21,421891,49.7759
2024,ecosystems,10,421891,23.7028
2025,delve,1,517253,1.9333
2025,delves,0,517253,0.0
2025,delved,0,517253,0.0
2025,delving,0,517253,0.0
2025,underscore,1,517253,1.9333
2025,underscores,3,517253,5.7999
2025,underscored,14,517253,27.0661
2025,underscoring,4,517253,7.7332
2025,nuanced,10,517253,19.3329
2025,nuance,4,517253,7.7332
2025,nuances,2,517253,3.8666
2025,multifaceted,2,517253,3.8666
2025,foster,34,517253,65.7319
2025,fosters,10,517253,19.3329
2025,fostered,10,517253,19.3329
2025,fostering,20,517253,38.6658
2025,landscape,25,517253,48.3322
2025,landscapes,0,517253,0.0
2025,tapestry,0,517253,0.0
2025,tapestries,0,517253,0.0
2025,crucial,40,517253,77.3316
2025,crucially,3,517253,5.7999
2025,arguably,7,517253,13.533
2025,notably,12,517253,23.1995
2025,paramount,4,517253,7.7332
2025,intricate,0,517253,0.0
2025,intricately,0,517253,0.0
2025,comprehensive,17,517253,32.8659
2025,comprehensively,2,517253,3.8666
2025,robust,22,517253,42.5324
2025,robustly,1,517253,1.9333
2025,leverage,14,517253,27.0661
2025,leverages,2,517253,3.8666
2025,leveraged,3,517253,5.7999
2025,leveraging,2,517253,3.8666
2025,harness,1,517253,1.9333
2025,harnessing,0,517253,0.0
2025,harnessed,2,517253,3.8666
2025,pivotal,14,517253,27.0661
2025,realm,8,517253,15.4663
2025,realms,1,517253,1.9333
2025,vibrant,15,517253,28.9993
2025,dynamic,15,517253,28.9993
2025,dynamics,5,517253,9.6664
2025,holistic,7,517253,13.533
2025,holistically,0,517253,0.0
2025,groundbreaking,6,517253,11.5997
2025,innovative,18,517253,34.7992
2025,innovation,79,517253,152.7299
2025,transformative,16,517253,30.9326
2025,unprecedented,29,517253,56.0654
2025,synergy,63,517253,121.7973
2025,synergies,0,517253,0.0
2025,synergistic,0,517253,0.0
2025,streamline,6,517253,11.5997
2025,streamlines,0,517253,0.0
2025,streamlined,4,517253,7.7332
2025,ecosystem,13,517253,25.1328
2025,ecosystems,9,517253,17.3996
2026,delve,0,331111,0.0
2026,delves,1,331111,3.0201
2026,delved,0,331111,0.0
2026,delving,0,331111,0.0
2026,underscore,1,331111,3.0201
2026,underscores,2,331111,6.0403
2026,underscored,3,331111,9.0604
2026,underscoring,0,331111,0.0
2026,nuanced,5,331111,15.1007
2026,nuance,3,331111,9.0604
2026,nuances,0,331111,0.0
2026,multifaceted,0,331111,0.0
2026,foster,17,331111,51.3423
2026,fosters,4,331111,12.0805
2026,fostered,4,331111,12.0805
2026,fostering,13,331111,39.2618
2026,landscape,26,331111,78.5235
2026,landscapes,1,331111,3.0201
2026,tapestry,0,331111,0.0
2026,tapestries,0,331111,0.0
2026,crucial,18,331111,54.3624
2026,crucially,6,331111,18.1208
2026,arguably,0,331111,0.0
2026,notably,10,331111,30.2014
2026,paramount,2,331111,6.0403
2026,intricate,1,331111,3.0201
2026,intricately,0,331111,0.0
2026,comprehensive,15,331111,45.302
2026,comprehensively,0,331111,0.0
2026,robust,8,331111,24.1611
2026,robustly,1,331111,3.0201
2026,leverage,10,331111,30.2014
2026,leverages,0,331111,0.0
2026,leveraged,2,331111,6.0403
2026,leveraging,6,331111,18.1208
2026,harness,3,331111,9.0604
2026,harnessing,0,331111,0.0
2026,harnessed,0,331111,0.0
2026,pivotal,1,331111,3.0201
2026,realm,6,331111,18.1208
2026,realms,0,331111,0.0
2026,vibrant,10,331111,30.2014
2026,dynamic,15,331111,45.302
2026,dynamics,8,331111,24.1611
2026,holistic,4,331111,12.0805
2026,holistically,3,331111,9.0604
2026,groundbreaking,3,331111,9.0604
2026,innovative,10,331111,30.2014
2026,innovation,55,331111,166.1074
2026,transformative,9,331111,27.1812
2026,unprecedented,8,331111,24.1611
2026,synergy,12,331111,36.2416
2026,synergies,1,331111,3.0201
2026,synergistic,0,331111,0.0
2026,streamline,8,331111,24.1611
2026,streamlines,0,331111,0.0
2026,streamlined,2,331111,6.0403
2026,ecosystem,21,331111,63.4228
2026,ecosystems,3,331111,9.0604
