year,term,mean_tfidf,rank
2015,students,0.046848,1
2015,said,0.046276,2
2015,people,0.044797,3
2015,one,0.044281,4
2015,there,0.043701,5
2015,all,0.043504,6
2015,student,0.042623,7
2015,year,0.042567,8
2015,like,0.04254,9
2015,campus,0.042277,10
2015,out,0.042152,11
2015,time,0.041596,12
2015,new,0.041534,13
2015,many,0.041501,14
2015,university,0.041255,15
2015,some,0.041212,16
2015,contact,0.040876,17
2015,edu,0.040667,18
2015,think,0.040334,19
2015,first,0.040225,20
2015,two,0.040119,21
2015,community,0.040119,22
2015,make,0.040085,23
2015,really,0.04008,24
2015,between,0.039667,25
2015,years,0.039646,26
2015,world,0.039472,27
2015,way,0.039467,28
2015,work,0.03945,29
2015,school,0.039417,30
2015,last,0.039378,31
2015,any,0.039235,32
2015,get,0.039124,33
2015,according,0.038967,34
2015,program,0.038887,35
2015,well,0.0388,36
2015,much,0.038762,37
2015,now,0.038749,38
2015,take,0.0386,39
2015,women,0.038561,40
2015,don,0.038561,41
2015,sexual,0.038547,42
2015,change,0.038514,43
2015,class,0.038358,44
2015,different,0.038296,45
2015,want,0.038154,46
2015,life,0.038067,47
2015,however,0.037987,48
2015,group,0.037964,49
2015,both,0.037942,50
2015,president,0.037897,51
2015,members,0.037828,52
2015,need,0.037704,53
2015,issues,0.037641,54
2015,part,0.037602,55
2015,know,0.037496,56
2015,going,0.037464,57
2015,research,0.037464,58
2015,see,0.037455,59
2015,social,0.037431,60
2015,percent,0.037364,61
2015,education,0.037347,62
2015,around,0.03733,63
2015,right,0.037254,64
2015,every,0.037245,65
2015,public,0.037237,66
2015,something,0.037219,67
2015,against,0.037211,68
2015,lot,0.037167,69
2015,made,0.03715,70
2015,health,0.03715,71
2015,things,0.037106,72
2015,day,0.037079,73
2015,experience,0.037053,74
2015,use,0.037053,75
2015,help,0.036944,76
2015,good,0.036944,77
2015,place,0.036935,78
2015,important,0.036926,79
2015,process,0.036908,80
2015,come,0.036899,81
2015,groups,0.03688,82
2015,go,0.036871,83
2015,team,0.036862,84
2015,support,0.036815,85
2015,three,0.036768,86
2015,state,0.03674,87
2015,event,0.036711,88
2015,black,0.036615,89
2015,assault,0.036527,90
2015,fact,0.036527,91
2015,better,0.036517,92
2015,back,0.036517,93
2015,law,0.036447,94
2015,issue,0.036427,95
2015,science,0.036406,96
2015,here,0.036355,97
2015,college,0.036221,98
2015,high,0.036178,99
2015,individual,0.036178,100
2015,another,0.036168,101
2015,states,0.036157,102
2015,week,0.036136,103
2015,down,0.036136,104
2015,faculty,0.036082,105
2015,without,0.03606,106
2015,long,0.036038,107
2015,american,0.036028,108
2015,policy,0.036017,109
2015,center,0.035973,110
2015,government,0.035973,111
2015,climate,0.03595,112
2015,often,0.035939,113
2015,15,0.035917,114
2015,israel,0.03588,115
2015,system,0.035872,116
2015,professor,0.035872,117
2015,able,0.035838,118
2015,future,0.035815,119
2015,case,0.035815,120
2015,say,0.035815,121
2015,past,0.035758,122
2015,must,0.035747,123
2015,court,0.035735,124
2015,feel,0.035712,125
2015,whether,0.035712,126
2015,never,0.035689,127
2015,department,0.035677,128
2015,16,0.035665,129
2015,course,0.03563,130
2015,political,0.035606,131
2015,end,0.03557,132
2015,working,0.035534,133
2015,off,0.035522,134
2015,project,0.0354,135
2015,events,0.0354,136
2015,free,0.035363,137
2015,history,0.035363,138
2015,including,0.035363,139
2015,few,0.03535,140
2015,human,0.035338,141
2015,senate,0.035313,142
2015,find,0.0353,143
2015,number,0.035287,144
2015,actually,0.035249,145
2015,best,0.035224,146
2015,information,0.035224,147
2015,always,0.035224,148
2015,country,0.035146,149
2015,making,0.035133,150
2015,become,0.03512,151
2015,already,0.035094,152
2015,having,0.035081,153
2015,next,0.035041,154
2015,national,0.035041,155
2015,decision,0.035014,156
2015,doing,0.035001,157
2015,less,0.034988,158
2015,great,0.034974,159
2015,house,0.034961,160
2015,found,0.034934,161
2015,white,0.03492,162
2015,real,0.034893,163
2015,power,0.034893,164
2015,graduate,0.034893,165
2015,used,0.034865,166
2015,10,0.034824,167
2015,order,0.03481,168
2015,person,0.03481,169
2015,current,0.034796,170
2015,example,0.03474,171
2015,look,0.034726,172
2015,point,0.034655,173
2015,18,0.034611,174
2015,united,0.034611,175
2015,lives,0.034597,176
2015,explained,0.034597,177
2015,violence,0.034582,178
2015,added,0.034568,179
2015,study,0.034553,180
2015,open,0.034538,181
2015,culture,0.034509,182
2015,office,0.034479,183
2015,based,0.034465,184
2015,food,0.034465,185
2015,data,0.03445,186
2015,thing,0.034435,187
2015,put,0.034435,188
2015,staff,0.034435,189
2015,major,0.034405,190
2015,recent,0.034374,191
2015,rather,0.034359,192
2015,question,0.034329,193
2015,idea,0.034329,194
2015,problem,0.034313,195
2015,assu,0.034313,196
2015,others,0.034298,197
2015,care,0.034298,198
2015,enough,0.034252,199
2015,far,0.034252,200
2016,said,0.046052,1
2016,students,0.046026,2
2016,people,0.044115,3
2016,one,0.043846,4
2016,all,0.04383,5
2016,student,0.043179,6
2016,there,0.042876,7
2016,year,0.042009,8
2016,new,0.041897,9
2016,campus,0.04189,10
2016,time,0.041846,11
2016,like,0.041846,12
2016,out,0.041781,13
2016,university,0.041705,14
2016,many,0.04097,15
2016,some,0.040632,16
2016,contact,0.040563,17
2016,first,0.040545,18
2016,edu,0.040385,19
2016,community,0.040247,20
2016,think,0.040196,21
2016,two,0.03994,22
2016,years,0.039769,23
2016,sexual,0.039511,24
2016,really,0.039506,25
2016,work,0.039495,26
2016,make,0.039452,27
2016,well,0.039268,28
2016,way,0.039217,29
2016,school,0.039189,30
2016,between,0.039154,31
2016,world,0.038977,32
2016,senate,0.038917,33
2016,research,0.038782,34
2016,last,0.0387,35
2016,according,0.038694,36
2016,much,0.038643,37
2016,program,0.038578,38
2016,both,0.038572,39
2016,trump,0.038533,40
2016,president,0.038526,41
2016,get,0.038414,42
2016,now,0.038319,43
2016,don,0.03825,44
2016,any,0.038131,45
2016,education,0.037936,46
2016,want,0.037906,47
2016,take,0.037817,48
2016,change,0.037809,49
2016,however,0.037786,50
2016,class,0.037779,51
2016,life,0.037764,52
2016,faculty,0.037725,53
2016,assault,0.037718,54
2016,know,0.037664,55
2016,different,0.037656,56
2016,group,0.037624,57
2016,graduate,0.037624,58
2016,women,0.037489,59
2016,policy,0.037457,60
2016,support,0.037441,61
2016,around,0.037416,62
2016,see,0.037416,63
2016,percent,0.037351,64
2016,need,0.037351,65
2016,part,0.037318,66
2016,members,0.03725,67
2016,made,0.037208,68
2016,going,0.037096,69
2016,three,0.037061,70
2016,lot,0.037052,71
2016,issues,0.037044,72
2016,experience,0.036982,73
2016,event,0.036982,74
2016,things,0.036955,75
2016,day,0.036937,76
2016,every,0.036919,77
2016,american,0.036828,78
2016,something,0.036828,79
2016,center,0.03681,80
2016,health,0.03681,81
2016,alcohol,0.0368,82
2016,team,0.036773,83
2016,here,0.036773,84
2016,social,0.036717,85
2016,public,0.03667,86
2016,college,0.03667,87
2016,professor,0.036584,88
2016,political,0.036574,89
2016,process,0.036555,90
2016,go,0.036545,91
2016,use,0.036387,92
2016,back,0.036387,93
2016,right,0.036245,94
2016,important,0.036245,95
2016,good,0.036234,96
2016,against,0.036141,97
2016,better,0.03612,98
2016,high,0.036109,99
2016,future,0.036077,100
2016,working,0.036056,101
2016,funding,0.036056,102
2016,say,0.036056,103
2016,18,0.036045,104
2016,system,0.035959,105
2016,groups,0.035893,106
2016,department,0.035848,107
2016,place,0.035848,108
2016,next,0.035837,109
2016,feel,0.035837,110
2016,past,0.035815,111
2016,another,0.035804,112
2016,issue,0.035792,113
2016,come,0.035781,114
2016,able,0.03577,115
2016,never,0.03577,116
2016,history,0.035758,117
2016,state,0.035747,118
2016,help,0.035644,119
2016,country,0.03562,120
2016,without,0.03562,121
2016,undergraduate,0.035585,122
2016,long,0.03555,123
2016,course,0.035442,124
2016,am,0.035406,125
2016,down,0.035357,126
2016,best,0.035307,127
2016,culture,0.035245,128
2016,often,0.035207,129
2016,assu,0.035194,130
2016,diversity,0.035169,131
2016,science,0.035156,132
2016,always,0.035143,133
2016,individual,0.035143,134
2016,case,0.035131,135
2016,end,0.035079,136
2016,found,0.035079,137
2016,tsd,0.035079,138
2016,off,0.035079,139
2016,party,0.035066,140
2016,few,0.03504,141
2016,person,0.03504,142
2016,board,0.035,143
2016,fact,0.035,144
2016,hard,0.034974,145
2016,four,0.034907,146
2016,human,0.034867,147
2016,including,0.034853,148
2016,whether,0.03484,149
2016,within,0.034826,150
2016,election,0.034743,151
2016,week,0.034743,152
2016,10,0.034715,153
2016,great,0.034687,154
2016,states,0.034673,155
2016,talk,0.034659,156
2016,quarter,0.034631,157
2016,staff,0.034617,158
2016,must,0.034603,159
2016,doing,0.034603,160
2016,care,0.034588,161
2016,project,0.034545,162
2016,thought,0.034545,163
2016,white,0.034545,164
2016,question,0.034516,165
2016,less,0.034516,166
2016,government,0.034472,167
2016,making,0.034443,168
2016,office,0.034443,169
2016,review,0.034428,170
2016,30,0.034399,171
2016,number,0.034399,172
2016,idea,0.034399,173
2016,current,0.034399,174
2016,events,0.034384,175
2016,climate,0.034369,176
2016,study,0.034369,177
2016,believe,0.034369,178
2016,having,0.034339,179
2016,point,0.034339,180
2016,find,0.034324,181
2016,body,0.034248,182
2016,information,0.034248,183
2016,become,0.034248,184
2016,16,0.034232,185
2016,bill,0.034217,186
2016,open,0.034217,187
2016,someone,0.034202,188
2016,used,0.034171,189
2016,among,0.034155,190
2016,look,0.034155,191
2016,called,0.034155,192
2016,article,0.034139,193
2016,others,0.034108,194
2016,17,0.034092,195
2016,discussion,0.034092,196
2016,ways,0.034092,197
2016,house,0.034076,198
2016,music,0.034076,199
2016,director,0.034045,200
2017,students,0.046637,1
2017,said,0.046019,2
2017,people,0.043932,3
2017,one,0.043795,4
2017,all,0.043367,5
2017,student,0.043232,6
2017,there,0.042978,7
2017,university,0.042873,8
2017,campus,0.042232,9
2017,like,0.042134,10
2017,out,0.041838,11
2017,time,0.041694,12
2017,year,0.041399,13
2017,new,0.041284,14
2017,some,0.041101,15
2017,community,0.041058,16
2017,many,0.040581,17
2017,first,0.040542,18
2017,contact,0.040292,19
2017,work,0.040251,20
2017,make,0.039977,21
2017,school,0.039913,22
2017,edu,0.039748,23
2017,think,0.039712,24
2017,two,0.039362,25
2017,between,0.039027,26
2017,really,0.038902,27
2017,way,0.038884,28
2017,well,0.038872,29
2017,years,0.038835,30
2017,any,0.038811,31
2017,professor,0.038798,32
2017,president,0.038507,33
2017,world,0.038494,34
2017,get,0.038468,35
2017,now,0.038435,36
2017,much,0.038409,37
2017,according,0.038342,38
2017,members,0.038295,39
2017,something,0.038233,40
2017,don,0.038212,41
2017,last,0.038199,42
2017,take,0.038164,43
2017,graduate,0.038143,44
2017,trump,0.038072,45
2017,sexual,0.038065,46
2017,research,0.038058,47
2017,support,0.037994,48
2017,group,0.037994,49
2017,senate,0.037965,50
2017,process,0.037899,51
2017,life,0.037855,52
2017,both,0.03784,53
2017,class,0.037735,54
2017,want,0.037704,55
2017,need,0.037674,56
2017,however,0.037581,57
2017,know,0.037557,58
2017,things,0.037541,59
2017,public,0.037502,60
2017,see,0.037502,61
2017,right,0.037357,62
2017,made,0.037348,63
2017,day,0.037307,64
2017,program,0.037282,65
2017,part,0.037274,66
2017,change,0.037266,67
2017,american,0.037266,68
2017,education,0.037182,69
2017,different,0.037182,70
2017,department,0.037139,71
2017,political,0.037122,72
2017,here,0.037096,73
2017,faculty,0.037079,74
2017,good,0.036992,75
2017,every,0.036912,76
2017,around,0.036912,77
2017,lot,0.036785,78
2017,come,0.036758,79
2017,social,0.03673,80
2017,against,0.036721,81
2017,women,0.036711,82
2017,feel,0.036693,83
2017,issues,0.036674,84
2017,long,0.036627,85
2017,important,0.036617,86
2017,going,0.036617,87
2017,say,0.036589,88
2017,help,0.036531,89
2017,college,0.036493,90
2017,back,0.036483,91
2017,percent,0.036444,92
2017,center,0.036444,93
2017,place,0.036325,94
2017,use,0.036264,95
2017,policy,0.036254,96
2017,high,0.036244,97
2017,experience,0.036233,98
2017,go,0.036203,99
2017,someone,0.036172,100
2017,groups,0.036109,101
2017,news,0.036109,102
2017,working,0.036077,103
2017,course,0.036003,104
2017,staff,0.035982,105
2017,event,0.035982,106
2017,office,0.035982,107
2017,often,0.035971,108
2017,history,0.035917,109
2017,health,0.035917,110
2017,funding,0.035884,111
2017,law,0.035818,112
2017,three,0.035818,113
2017,assault,0.035705,114
2017,future,0.035682,115
2017,administration,0.035671,116
2017,better,0.035625,117
2017,18,0.035532,118
2017,without,0.035496,119
2017,week,0.035485,120
2017,find,0.035473,121
2017,care,0.035473,122
2017,20,0.035401,123
2017,another,0.035377,124
2017,past,0.035328,125
2017,case,0.035328,126
2017,fact,0.035303,127
2017,academic,0.035303,128
2017,science,0.035291,129
2017,always,0.035254,130
2017,able,0.035241,131
2017,tsd,0.035102,132
2017,issue,0.035077,133
2017,off,0.035077,134
2017,system,0.035064,135
2017,must,0.035038,136
2017,order,0.035038,137
2017,tessier,0.035023,138
2017,current,0.034999,139
2017,less,0.034986,140
2017,white,0.034986,141
2017,wrote,0.034933,142
2017,next,0.03492,143
2017,end,0.03492,144
2017,housing,0.034893,145
2017,down,0.034866,146
2017,project,0.034866,147
2017,information,0.03484,148
2017,state,0.03484,149
2017,making,0.03484,150
2017,country,0.034826,151
2017,few,0.034826,152
2017,doing,0.03473,153
2017,data,0.034703,154
2017,others,0.034661,155
2017,found,0.034661,156
2017,whether,0.034647,157
2017,within,0.034647,158
2017,quarter,0.034619,159
2017,states,0.034619,160
2017,never,0.034605,161
2017,committee,0.034562,162
2017,called,0.034562,163
2017,person,0.034505,164
2017,undergraduate,0.034505,165
2017,great,0.03449,166
2017,financial,0.03449,167
2017,events,0.034476,168
2017,including,0.034476,169
2017,used,0.034461,170
2017,national,0.034461,171
2017,article,0.034461,172
2017,rather,0.034418,173
2017,am,0.034388,174
2017,communities,0.034358,175
2017,meeting,0.034358,176
2017,times,0.034329,177
2017,response,0.034329,178
2017,study,0.034329,179
2017,best,0.034329,180
2017,board,0.034314,181
2017,assu,0.034299,182
2017,ways,0.034299,183
2017,media,0.034253,184
2017,means,0.034253,185
2017,home,0.034238,186
2017,house,0.034223,187
2017,studies,0.034223,188
2017,free,0.034208,189
2017,council,0.034192,190
2017,look,0.034162,191
2017,hard,0.034131,192
2017,little,0.034115,193
2017,problem,0.034115,194
2017,email,0.034099,195
2017,become,0.034099,196
2017,point,0.034084,197
2017,director,0.034037,198
2017,title,0.034037,199
2017,among,0.034021,200
2018,said,0.04692,1
2018,students,0.046077,2
2018,student,0.04338,3
2018,people,0.043241,4
2018,one,0.042988,5
2018,university,0.042809,6
2018,all,0.04273,7
2018,scr,0.04266,8
2018,there,0.042608,9
2018,campus,0.042128,10
2018,community,0.041593,11
2018,like,0.041264,12
2018,time,0.040979,13
2018,year,0.040808,14
2018,out,0.040681,15
2018,new,0.040528,16
2018,some,0.040161,17
2018,think,0.039891,18
2018,first,0.039777,19
2018,work,0.03966,20
2018,many,0.039651,21
2018,contact,0.039624,22
2018,edu,0.039512,23
2018,school,0.039448,24
2018,according,0.039309,25
2018,two,0.038977,26
2018,between,0.03889,27
2018,really,0.038792,28
2018,make,0.038707,29
2018,well,0.038643,30
2018,way,0.038621,31
2018,years,0.038616,32
2018,members,0.038572,33
2018,get,0.038185,34
2018,don,0.038071,35
2018,however,0.038071,36
2018,world,0.038046,37
2018,research,0.038028,38
2018,support,0.03779,39
2018,want,0.037784,40
2018,group,0.037725,41
2018,both,0.037673,42
2018,president,0.03764,43
2018,wrote,0.03764,44
2018,take,0.03764,45
2018,health,0.0376,46
2018,class,0.037594,47
2018,public,0.037553,48
2018,any,0.037513,49
2018,life,0.037486,50
2018,program,0.037438,51
2018,now,0.03741,52
2018,issues,0.037368,53
2018,process,0.037354,54
2018,much,0.037347,55
2018,center,0.037241,56
2018,made,0.037234,57
2018,last,0.037226,58
2018,need,0.037212,59
2018,graduate,0.037198,60
2018,part,0.037176,61
2018,law,0.037169,62
2018,housing,0.037036,63
2018,event,0.037013,64
2018,know,0.03696,65
2018,senate,0.036953,66
2018,staff,0.036915,67
2018,american,0.036907,68
2018,education,0.036899,69
2018,policy,0.036876,70
2018,change,0.036751,71
2018,faculty,0.036735,72
2018,20,0.036735,73
2018,women,0.036631,74
2018,professor,0.036631,75
2018,long,0.036615,76
2018,different,0.036565,77
2018,lot,0.036557,78
2018,use,0.036549,79
2018,around,0.036532,80
2018,including,0.036516,81
2018,social,0.036466,82
2018,here,0.036449,83
2018,going,0.036449,84
2018,political,0.036432,85
2018,see,0.036415,86
2018,something,0.036398,87
2018,office,0.036364,88
2018,experience,0.036338,89
2018,day,0.03626,90
2018,committee,0.03626,91
2018,sexual,0.036243,92
2018,against,0.036207,93
2018,right,0.036154,94
2018,percent,0.0361,95
2018,working,0.036091,96
2018,high,0.036036,97
2018,19,0.036009,98
2018,three,0.035963,99
2018,come,0.035935,100
2018,help,0.035907,101
2018,things,0.035907,102
2018,place,0.035888,103
2018,course,0.035859,104
2018,feel,0.03585,105
2018,college,0.035793,106
2018,go,0.035773,107
2018,co,0.035744,108
2018,academic,0.035715,109
2018,white,0.035705,110
2018,state,0.035696,111
2018,back,0.035536,112
2018,someone,0.035536,113
2018,added,0.035495,114
2018,undergraduate,0.035475,115
2018,california,0.035465,116
2018,without,0.035465,117
2018,meeting,0.035454,118
2018,good,0.035444,119
2018,assu,0.035382,120
2018,house,0.035361,121
2018,history,0.035329,122
2018,email,0.035319,123
2018,another,0.035265,124
2018,space,0.035233,125
2018,important,0.035223,126
2018,director,0.035201,127
2018,better,0.03519,128
2018,next,0.035179,129
2018,mental,0.035058,130
2018,past,0.035036,131
2018,able,0.035024,132
2018,report,0.035002,133
2018,information,0.035002,134
2018,future,0.034991,135
2018,every,0.034979,136
2018,groups,0.034957,137
2018,issue,0.034945,138
2018,free,0.034922,139
2018,article,0.034911,140
2018,care,0.034899,141
2018,often,0.034899,142
2018,current,0.034888,143
2018,trump,0.03483,144
2018,never,0.03483,145
2018,case,0.034759,146
2018,outside,0.034723,147
2018,science,0.034687,148
2018,18,0.034566,149
2018,system,0.034541,150
2018,told,0.034541,151
2018,member,0.034516,152
2018,down,0.034516,153
2018,say,0.034479,154
2018,department,0.034453,155
2018,board,0.034428,156
2018,always,0.034416,157
2018,rather,0.034313,158
2018,fact,0.034274,159
2018,end,0.034261,160
2018,off,0.034261,161
2018,am,0.034195,162
2018,funding,0.034195,163
2018,decision,0.034195,164
2018,statement,0.034195,165
2018,week,0.034181,166
2018,diversity,0.034181,167
2018,used,0.034168,168
2018,10,0.034141,169
2018,having,0.034128,170
2018,human,0.034128,171
2018,whether,0.034128,172
2018,title,0.034101,173
2018,speech,0.034087,174
2018,found,0.03406,175
2018,role,0.03406,176
2018,few,0.034046,177
2018,council,0.034033,178
2018,power,0.034005,179
2018,assault,0.033991,180
2018,vote,0.033991,181
2018,21,0.033977,182
2018,within,0.033977,183
2018,palo,0.033977,184
2018,alto,0.033963,185
2018,doing,0.033963,186
2018,technology,0.03395,187
2018,become,0.033936,188
2018,government,0.033936,189
2018,news,0.033879,190
2018,others,0.033865,191
2018,point,0.033851,192
2018,find,0.033851,193
2018,resources,0.033837,194
2018,making,0.033837,195
2018,area,0.033822,196
2018,instead,0.033779,197
2018,events,0.033779,198
2018,30,0.033765,199
2018,team,0.033765,200
2019,said,0.046417,1
2019,students,0.046311,2
2019,university,0.044059,3
2019,student,0.043587,4
2019,one,0.042859,5
2019,campus,0.042675,6
2019,people,0.042514,7
2019,all,0.042381,8
2019,there,0.041779,9
2019,year,0.041679,10
2019,community,0.041422,11
2019,scr,0.040819,12
2019,like,0.040761,13
2019,time,0.040719,14
2019,out,0.040631,15
2019,new,0.04045,16
2019,contact,0.040074,17
2019,some,0.039928,18
2019,edu,0.039924,19
2019,first,0.039883,20
2019,many,0.039676,21
2019,work,0.039606,22
2019,two,0.039181,23
2019,wrote,0.03906,24
2019,between,0.038986,25
2019,school,0.038976,26
2019,make,0.038736,27
2019,graduate,0.038684,28
2019,years,0.038673,29
2019,according,0.038588,30
2019,think,0.038566,31
2019,members,0.038446,32
2019,research,0.038407,33
2019,support,0.038166,34
2019,housing,0.038137,35
2019,program,0.038035,36
2019,health,0.038023,37
2019,way,0.038017,38
2019,senate,0.037795,39
2019,faculty,0.037666,40
2019,life,0.037653,41
2019,any,0.037601,42
2019,well,0.037568,43
2019,told,0.037568,44
2019,public,0.037515,45
2019,president,0.037495,46
2019,education,0.03742,47
2019,both,0.037393,48
2019,last,0.037253,49
2019,process,0.037175,50
2019,don,0.037146,51
2019,now,0.037052,52
2019,20,0.037037,53
2019,sexual,0.037022,54
2019,american,0.037015,55
2019,really,0.036955,56
2019,part,0.036925,57
2019,including,0.036918,58
2019,however,0.03688,59
2019,take,0.036864,60
2019,world,0.036857,61
2019,college,0.036826,62
2019,change,0.036811,63
2019,much,0.036772,64
2019,need,0.036756,65
2019,social,0.036733,66
2019,get,0.036725,67
2019,use,0.036717,68
2019,made,0.036717,69
2019,report,0.036678,70
2019,center,0.03663,71
2019,event,0.036622,72
2019,know,0.036598,73
2019,want,0.036557,74
2019,issues,0.036442,75
2019,assu,0.0364,76
2019,workers,0.036375,77
2019,professor,0.036367,78
2019,policy,0.036358,79
2019,three,0.036324,80
2019,class,0.036273,81
2019,around,0.036255,82
2019,see,0.036247,83
2019,email,0.036238,84
2019,group,0.036212,85
2019,experience,0.036203,86
2019,day,0.036203,87
2019,staff,0.036168,88
2019,added,0.036151,89
2019,high,0.036106,90
2019,here,0.036062,91
2019,team,0.036016,92
2019,important,0.035998,93
2019,undergraduate,0.035897,94
2019,going,0.03585,95
2019,against,0.035765,96
2019,history,0.035756,97
2019,government,0.035736,98
2019,department,0.035717,99
2019,meeting,0.035708,100
2019,academic,0.035708,101
2019,office,0.035679,102
2019,working,0.035659,103
2019,long,0.03558,104
2019,help,0.035561,105
2019,county,0.035551,106
2019,funding,0.035541,107
2019,place,0.035531,108
2019,things,0.035521,109
2019,political,0.03546,110
2019,without,0.03546,111
2019,co,0.03543,112
2019,human,0.03543,113
2019,committee,0.035347,114
2019,different,0.035295,115
2019,women,0.035253,116
2019,found,0.035242,117
2019,director,0.035232,118
2019,percent,0.03521,119
2019,system,0.035189,120
2019,every,0.035178,121
2019,good,0.035167,122
2019,decision,0.035156,123
2019,science,0.035146,124
2019,something,0.035135,125
2019,2018,0.035113,126
2019,chinese,0.035113,127
2019,back,0.035091,128
2019,course,0.035058,129
2019,technology,0.035036,130
2019,000,0.035025,131
2019,right,0.035025,132
2019,food,0.035003,133
2019,news,0.035003,134
2019,article,0.034992,135
2019,come,0.034981,136
2019,future,0.034969,137
2019,another,0.034958,138
2019,lot,0.034936,139
2019,data,0.034902,140
2019,statement,0.034856,141
2019,go,0.034833,142
2019,10,0.034821,143
2019,financial,0.034821,144
2019,national,0.03481,145
2019,information,0.03481,146
2019,provost,0.034798,147
2019,law,0.034798,148
2019,week,0.034775,149
2019,project,0.034775,150
2019,mental,0.034763,151
2019,often,0.03474,152
2019,feel,0.03474,153
2019,next,0.034693,154
2019,better,0.034657,155
2019,family,0.034621,156
2019,assault,0.034597,157
2019,21,0.034597,158
2019,alto,0.034573,159
2019,palo,0.03456,160
2019,plan,0.03456,161
2019,off,0.03456,162
2019,current,0.03456,163
2019,past,0.034524,164
2019,rights,0.034462,165
2019,board,0.03445,166
2019,press,0.03445,167
2019,former,0.034437,168
2019,bill,0.034387,169
2019,house,0.034374,170
2019,states,0.034349,171
2019,end,0.034336,172
2019,concerns,0.034336,173
2019,must,0.034336,174
2019,four,0.034311,175
2019,whether,0.034272,176
2019,say,0.034272,177
2019,find,0.034259,178
2019,issue,0.03422,179
2019,state,0.034207,180
2019,drell,0.034194,181
2019,administration,0.034167,182
2019,council,0.034167,183
2019,international,0.034114,184
2019,california,0.034101,185
2019,free,0.034088,186
2019,19,0.034074,187
2019,others,0.034034,188
2019,development,0.034034,189
2019,30,0.03402,190
2019,provide,0.033993,191
2019,number,0.033993,192
2019,space,0.033966,193
2019,able,0.033952,194
2019,down,0.033952,195
2019,care,0.033924,196
2019,role,0.033924,197
2019,china,0.033924,198
2019,someone,0.033882,199
2019,called,0.033868,200
2020,covid,0.06097,1
2020,pandemic,0.052108,2
2020,students,0.047234,3
2020,said,0.046117,4
2020,university,0.043607,5
2020,campus,0.042642,6
2020,student,0.042617,7
2020,people,0.042532,8
2020,all,0.042336,9
2020,one,0.041434,10
2020,there,0.041376,11
2020,19,0.041117,12
2020,community,0.041099,13
2020,time,0.040971,14
2020,year,0.040782,15
2020,out,0.040249,16
2020,wrote,0.04021,17
2020,many,0.040181,18
2020,like,0.040174,19
2020,some,0.039882,20
2020,new,0.039882,21
2020,according,0.039721,22
2020,health,0.039658,23
2020,contact,0.039548,24
2020,first,0.039198,25
2020,work,0.039174,26
2020,school,0.038747,27
2020,support,0.038663,28
2020,faculty,0.038646,29
2020,quarter,0.038602,30
2020,edu,0.038592,31
2020,black,0.038244,32
2020,make,0.038211,33
2020,now,0.03814,34
2020,graduate,0.038133,35
2020,take,0.037971,36
2020,think,0.037901,37
2020,email,0.037885,38
2020,public,0.037825,39
2020,two,0.037719,40
2020,members,0.03771,41
2020,county,0.037665,42
2020,need,0.037648,43
2020,research,0.037598,44
2020,really,0.037572,45
2020,workers,0.037521,46
2020,professor,0.037447,47
2020,any,0.037341,48
2020,between,0.037287,49
2020,program,0.037233,50
2020,well,0.037131,51
2020,policy,0.037075,52
2020,housing,0.037047,53
2020,staff,0.037028,54
2020,told,0.036965,55
2020,class,0.036916,56
2020,president,0.036867,57
2020,20,0.036818,58
2020,get,0.036798,59
2020,change,0.036777,60
2020,way,0.036767,61
2020,education,0.036752,62
2020,social,0.036727,63
2020,know,0.036665,64
2020,21,0.036551,65
2020,going,0.036535,66
2020,years,0.036476,67
2020,don,0.036438,68
2020,senate,0.036438,69
2020,both,0.036417,70
2020,much,0.036389,71
2020,person,0.036384,72
2020,working,0.036367,73
2020,including,0.036312,74
2020,online,0.036312,75
2020,classes,0.036234,76
2020,added,0.036222,77
2020,made,0.036205,78
2020,care,0.0362,79
2020,home,0.036194,80
2020,place,0.036177,81
2020,state,0.036113,82
2020,able,0.036084,83
2020,however,0.036078,84
2020,data,0.036055,85
2020,cases,0.036043,86
2020,academic,0.036026,87
2020,want,0.036026,88
2020,spring,0.036014,89
2020,process,0.036002,90
2020,help,0.035972,91
2020,back,0.03596,92
2020,world,0.03593,93
2020,22,0.035918,94
2020,day,0.035894,95
2020,undergraduate,0.035875,96
2020,week,0.035795,97
2020,com,0.035745,98
2020,see,0.035727,99
2020,study,0.035727,100
2020,international,0.035714,101
2020,experience,0.035689,102
2020,life,0.035682,103
2020,different,0.035682,104
2020,response,0.035657,105
2020,sexual,0.035618,106
2020,around,0.035579,107
2020,lot,0.035566,108
2020,department,0.035547,109
2020,information,0.035547,110
2020,without,0.035534,111
2020,important,0.035514,112
2020,use,0.035514,113
2020,assu,0.035474,114
2020,election,0.035428,115
2020,financial,0.035407,116
2020,fall,0.035401,117
2020,last,0.035333,118
2020,against,0.035298,119
2020,administration,0.035284,120
2020,decision,0.035284,121
2020,american,0.035271,122
2020,team,0.035257,123
2020,medicine,0.035257,124
2020,number,0.035257,125
2020,law,0.035243,126
2020,issues,0.035208,127
2020,continue,0.035194,128
2020,part,0.035194,129
2020,due,0.035179,130
2020,system,0.03513,131
2020,high,0.035115,132
2020,long,0.035108,133
2020,center,0.035086,134
2020,current,0.035079,135
2020,vote,0.03505,136
2020,states,0.035036,137
2020,future,0.035028,138
2020,three,0.035014,139
2020,group,0.034992,140
2020,summer,0.034984,141
2020,concerns,0.03497,142
2020,police,0.034947,143
2020,provide,0.03494,144
2020,whether,0.034932,145
2020,california,0.034895,146
2020,off,0.034872,147
2020,across,0.034872,148
2020,resources,0.034872,149
2020,science,0.034857,150
2020,office,0.034842,151
2020,op,0.034842,152
2020,end,0.034811,153
2020,director,0.034796,154
2020,diversity,0.034796,155
2020,every,0.034773,156
2020,college,0.034773,157
2020,article,0.034765,158
2020,editor,0.034687,159
2020,testing,0.034679,160
2020,here,0.034664,161
2020,country,0.034608,162
2020,right,0.034608,163
2020,go,0.034592,164
2020,next,0.034576,165
2020,come,0.03456,166
2020,reported,0.034527,167
2020,government,0.034511,168
2020,must,0.034478,169
2020,order,0.034478,170
2020,communities,0.03447,171
2020,making,0.034462,172
2020,feel,0.034454,173
2020,safety,0.034454,174
2020,23,0.034445,175
2020,statement,0.034437,176
2020,past,0.034362,177
2020,learning,0.034337,178
2020,plans,0.034294,179
2020,already,0.034285,180
2020,board,0.034268,181
2020,course,0.034225,182
2020,000,0.034216,183
2020,march,0.034216,184
2020,history,0.034208,185
2020,found,0.034208,186
2020,political,0.034182,187
2020,less,0.034173,188
2020,patients,0.034155,189
2020,trump,0.034146,190
2020,santa,0.034138,191
2020,provost,0.034138,192
2020,pay,0.034138,193
2020,another,0.034129,194
2020,violence,0.03412,195
2020,clara,0.03412,196
2020,10,0.034102,197
2020,family,0.034075,198
2020,letters,0.034066,199
2020,2020,0.034057,200
2021,covid,0.062126,1
2021,pandemic,0.05434,2
2021,said,0.048162,3
2021,students,0.048152,4
2021,university,0.045557,5
2021,student,0.044633,6
2021,campus,0.044367,7
2021,people,0.043397,8
2021,community,0.042948,9
2021,all,0.042811,10
2021,year,0.042711,11
2021,one,0.042541,12
2021,according,0.041977,13
2021,there,0.041688,14
2021,new,0.041468,15
2021,time,0.041456,16
2021,19,0.041371,17
2021,some,0.041032,18
2021,scr,0.040738,19
2021,like,0.040734,20
2021,health,0.040583,21
2021,many,0.040511,22
2021,out,0.040373,23
2021,wrote,0.040221,24
2021,first,0.040038,25
2021,work,0.040022,26
2021,faculty,0.039897,27
2021,graduate,0.039622,28
2021,school,0.039534,29
2021,black,0.039469,30
2021,two,0.039397,31
2021,members,0.03906,32
2021,between,0.038936,33
2021,program,0.038836,34
2021,think,0.03865,35
2021,quarter,0.038615,36
2021,support,0.038494,37
2021,make,0.038385,38
2021,public,0.038266,39
2021,now,0.038205,40
2021,social,0.03819,41
2021,added,0.038058,42
2021,person,0.03805,43
2021,week,0.038002,44
2021,life,0.037955,45
2021,staff,0.037882,46
2021,last,0.037841,47
2021,take,0.037808,48
2021,research,0.037683,49
2021,undergraduate,0.037649,50
2021,both,0.037649,51
2021,cases,0.03764,52
2021,professor,0.037632,53
2021,really,0.037623,54
2021,years,0.03758,55
2021,senate,0.037546,56
2021,including,0.037519,57
2021,get,0.037511,58
2021,policy,0.037476,59
2021,process,0.03744,60
2021,email,0.037396,61
2021,way,0.03736,62
2021,any,0.03725,63
2021,change,0.037223,64
2021,assu,0.037158,65
2021,made,0.037129,66
2021,day,0.037082,67
2021,need,0.037072,68
2021,academic,0.036957,69
2021,housing,0.036937,70
2021,education,0.036788,71
2021,back,0.036778,72
2021,class,0.036737,73
2021,help,0.036645,74
2021,center,0.036645,75
2021,much,0.036624,76
2021,well,0.036624,77
2021,experience,0.036582,78
2021,american,0.036519,79
2021,however,0.036476,80
2021,fall,0.036379,81
2021,care,0.036346,82
2021,don,0.036324,83
2021,president,0.036235,84
2021,working,0.036235,85
2021,part,0.036178,86
2021,county,0.036155,87
2021,classes,0.036155,88
2021,able,0.036133,89
2021,long,0.03611,90
2021,system,0.036098,91
2021,within,0.036098,92
2021,21,0.036028,93
2021,against,0.036017,94
2021,plans,0.035969,95
2021,going,0.035934,96
2021,safety,0.035934,97
2021,see,0.035922,98
2021,group,0.035922,99
2021,decision,0.035898,100
2021,communities,0.035886,101
2021,22,0.035874,102
2021,world,0.035874,103
2021,past,0.035862,104
2021,know,0.03585,105
2021,state,0.035837,106
2021,around,0.035813,107
2021,home,0.035801,108
2021,place,0.035776,109
2021,different,0.035739,110
2021,co,0.035739,111
2021,want,0.035702,112
2021,important,0.035689,113
2021,high,0.035652,114
2021,lot,0.035524,115
2021,future,0.035524,116
2021,california,0.035485,117
2021,college,0.035459,118
2021,studies,0.035433,119
2021,frosh,0.03538,120
2021,department,0.035367,121
2021,director,0.035367,122
2021,continue,0.035327,123
2021,something,0.035286,124
2021,team,0.035273,125
2021,testing,0.035259,126
2021,three,0.035259,127
2021,10,0.035245,128
2021,law,0.035232,129
2021,across,0.03519,130
2021,provide,0.035163,131
2021,feel,0.035149,132
2021,asian,0.035121,133
2021,concerns,0.035107,134
2021,council,0.035065,135
2021,study,0.03505,136
2021,whether,0.035036,137
2021,resources,0.035022,138
2021,come,0.035008,139
2021,go,0.035008,140
2021,without,0.035008,141
2021,committee,0.034979,142
2021,due,0.034921,143
2021,house,0.034921,144
2021,event,0.034907,145
2021,office,0.034892,146
2021,individuals,0.034848,147
2021,found,0.034833,148
2021,medicine,0.034818,149
2021,use,0.034818,150
2021,2020,0.034789,151
2021,number,0.034789,152
2021,violence,0.034789,153
2021,contact,0.034759,154
2021,every,0.034744,155
2021,issues,0.034744,156
2021,spring,0.034728,157
2021,especially,0.034713,158
2021,23,0.034698,159
2021,positive,0.034683,160
2021,current,0.034668,161
2021,currently,0.034652,162
2021,right,0.034652,163
2021,sexual,0.034622,164
2021,op,0.034622,165
2021,access,0.034606,166
2021,response,0.034528,167
2021,science,0.034512,168
2021,off,0.034497,169
2021,next,0.034481,170
2021,course,0.034481,171
2021,online,0.034465,172
2021,diversity,0.034449,173
2021,better,0.034449,174
2021,information,0.034433,175
2021,report,0.034417,176
2021,justice,0.034401,177
2021,things,0.034401,178
2021,despite,0.034368,179
2021,another,0.034352,180
2021,police,0.034336,181
2021,data,0.034336,182
2021,history,0.034336,183
2021,climate,0.03432,184
2021,making,0.034303,185
2021,building,0.034287,186
2021,here,0.034287,187
2021,winter,0.034254,188
2021,learning,0.03422,189
2021,groups,0.03422,190
2021,must,0.03422,191
2021,case,0.034204,192
2021,return,0.034204,193
2021,com,0.034204,194
2021,others,0.034204,195
2021,say,0.034187,196
2021,often,0.03417,197
2021,among,0.034136,198
2021,reported,0.034119,199
2021,weeks,0.034085,200
2022,covid,0.058363,1
2022,said,0.048931,2
2022,students,0.048884,3
2022,pandemic,0.048121,4
2022,university,0.045149,5
2022,student,0.04484,6
2022,campus,0.043722,7
2022,people,0.04323,8
2022,according,0.043119,9
2022,one,0.043046,10
2022,all,0.043017,11
2022,community,0.042863,12
2022,year,0.042812,13
2022,there,0.04227,14
2022,school,0.042048,15
2022,time,0.042043,16
2022,like,0.041908,17
2022,out,0.041744,18
2022,new,0.041303,19
2022,wrote,0.041124,20
2022,health,0.040859,21
2022,first,0.040521,22
2022,some,0.040508,23
2022,many,0.040388,24
2022,support,0.040195,25
2022,between,0.040153,26
2022,work,0.040054,27
2022,faculty,0.039673,28
2022,graduate,0.039255,29
2022,two,0.039188,30
2022,think,0.039085,31
2022,research,0.039015,32
2022,19,0.038653,33
2022,life,0.038644,34
2022,years,0.038634,35
2022,members,0.038634,36
2022,make,0.03853,37
2022,really,0.038384,38
2022,public,0.038304,39
2022,now,0.038223,40
2022,program,0.03812,41
2022,take,0.037919,42
2022,well,0.037843,43
2022,help,0.037843,44
2022,day,0.037788,45
2022,social,0.037744,46
2022,way,0.037722,47
2022,need,0.037677,48
2022,staff,0.037609,49
2022,change,0.037539,50
2022,any,0.037516,51
2022,get,0.037469,52
2022,president,0.037469,53
2022,including,0.037422,54
2022,world,0.037375,55
2022,reported,0.037363,56
2022,education,0.037339,57
2022,both,0.037327,58
2022,last,0.037302,59
2022,professor,0.037242,60
2022,women,0.037217,61
2022,climate,0.037167,62
2022,process,0.037117,63
2022,housing,0.037105,64
2022,around,0.037092,65
2022,week,0.037067,66
2022,law,0.037016,67
2022,policy,0.036952,68
2022,don,0.036913,69
2022,mental,0.036873,70
2022,part,0.036807,71
2022,back,0.036794,72
2022,want,0.036794,73
2022,know,0.036781,74
2022,center,0.036727,75
2022,much,0.036713,76
2022,academic,0.0367,77
2022,care,0.036686,78
2022,added,0.036645,79
2022,going,0.036631,80
2022,made,0.036604,81
2022,against,0.03659,82
2022,tessier,0.03656,83
2022,long,0.036548,84
2022,sexual,0.03652,85
2022,class,0.036492,86
2022,experience,0.036463,87
2022,however,0.036463,88
2022,different,0.036421,89
2022,here,0.036377,90
2022,three,0.036377,91
2022,event,0.036377,92
2022,future,0.036377,93
2022,email,0.036305,94
2022,issues,0.036231,95
2022,group,0.036201,96
2022,co,0.036201,97
2022,american,0.036201,98
2022,california,0.036201,99
2022,senate,0.036201,100
2022,working,0.036171,101
2022,department,0.036171,102
2022,high,0.036156,103
2022,system,0.036096,104
2022,feel,0.036065,105
2022,scr,0.036065,106
2022,person,0.036019,107
2022,place,0.036003,108
2022,see,0.036003,109
2022,science,0.036003,110
2022,house,0.035878,111
2022,resources,0.035862,112
2022,college,0.03583,113
2022,24,0.035798,114
2022,right,0.035766,115
2022,lot,0.0357,116
2022,10,0.0357,117
2022,funding,0.035684,118
2022,told,0.035684,119
2022,go,0.035684,120
2022,across,0.035684,121
2022,safety,0.035634,122
2022,23,0.035634,123
2022,director,0.035601,124
2022,occurred,0.035567,125
2022,office,0.035567,126
2022,every,0.035516,127
2022,among,0.035482,128
2022,state,0.035448,129
2022,25,0.035396,130
2022,quarter,0.035396,131
2022,team,0.035379,132
2022,undergraduate,0.035361,133
2022,country,0.035344,134
2022,international,0.035308,135
2022,come,0.035308,136
2022,important,0.035291,137
2022,found,0.035291,138
2022,power,0.035273,139
2022,use,0.035273,140
2022,another,0.035237,141
2022,continue,0.035165,142
2022,ph,0.035165,143
2022,article,0.035092,144
2022,case,0.035073,145
2022,family,0.035055,146
2022,provide,0.035017,147
2022,better,0.035017,148
2022,home,0.03498,149
2022,off,0.034961,150
2022,classes,0.034961,151
2022,energy,0.034904,152
2022,due,0.034885,153
2022,able,0.034866,154
2022,violence,0.034846,155
2022,theft,0.034788,156
2022,within,0.034788,157
2022,concerns,0.034768,158
2022,black,0.034749,159
2022,fossil,0.034729,160
2022,report,0.034709,161
2022,current,0.03469,162
2022,course,0.03467,163
2022,decision,0.03467,164
2022,information,0.03467,165
2022,statement,0.034629,166
2022,political,0.034609,167
2022,data,0.034569,168
2022,former,0.034569,169
2022,30,0.034548,170
2022,next,0.034528,171
2022,culture,0.034528,172
2022,access,0.034507,173
2022,companies,0.034487,174
2022,based,0.034466,175
2022,cases,0.034445,176
2022,history,0.034424,177
2022,things,0.034403,178
2022,making,0.034361,179
2022,war,0.034361,180
2022,building,0.034297,181
2022,called,0.034211,182
2022,something,0.034211,183
2022,board,0.034189,184
2022,find,0.034189,185
2022,past,0.034189,186
2022,whether,0.034167,187
2022,22,0.034167,188
2022,several,0.034145,189
2022,states,0.034123,190
2022,friends,0.034101,191
2022,especially,0.034101,192
2022,action,0.034078,193
2022,impact,0.034034,194
2022,learning,0.033988,195
2022,often,0.033988,196
2022,increase,0.033966,197
2022,good,0.033966,198
2022,address,0.033943,199
2022,2020,0.033943,200
2023,said,0.050739,1
2023,students,0.049007,2
2023,covid,0.048463,3
2023,student,0.046712,4
2023,university,0.046675,5
2023,ugs,0.046545,6
2023,campus,0.04405,7
2023,year,0.043895,8
2023,one,0.043687,9
2023,people,0.043682,10
2023,all,0.04357,11
2023,according,0.043537,12
2023,there,0.04312,13
2023,faculty,0.043096,14
2023,tessier,0.043069,15
2023,community,0.04263,16
2023,graduate,0.042623,17
2023,wrote,0.0425,18
2023,between,0.042361,19
2023,like,0.042238,20
2023,reported,0.042211,21
2023,pandemic,0.042145,22
2023,time,0.041651,23
2023,out,0.041597,24
2023,research,0.041558,25
2023,some,0.041352,26
2023,many,0.04107,27
2023,new,0.040932,28
2023,school,0.040808,29
2023,members,0.040543,30
2023,first,0.040235,31
2023,academic,0.040155,32
2023,senate,0.040002,33
2023,lavigne,0.039866,34
2023,work,0.039834,35
2023,two,0.039813,36
2023,president,0.039792,37
2023,israel,0.039622,38
2023,years,0.039425,39
2023,professor,0.039391,40
2023,committee,0.039274,41
2023,think,0.03887,42
2023,support,0.038845,43
2023,any,0.038716,44
2023,including,0.038597,45
2023,process,0.03857,46
2023,last,0.03853,47
2023,gsc,0.038516,48
2023,really,0.038448,49
2023,around,0.038421,50
2023,way,0.038379,51
2023,program,0.038253,52
2023,now,0.038181,53
2023,report,0.038167,54
2023,public,0.038153,55
2023,event,0.03808,56
2023,science,0.038036,57
2023,well,0.037871,58
2023,make,0.03784,59
2023,center,0.037809,60
2023,undergraduate,0.037685,61
2023,statement,0.037637,62
2023,co,0.037605,63
2023,health,0.037589,64
2023,24,0.037573,65
2023,25,0.037541,66
2023,funding,0.037509,67
2023,want,0.037492,68
2023,theft,0.037476,69
2023,day,0.037427,70
2023,both,0.037427,71
2023,director,0.03736,72
2023,30,0.03736,73
2023,world,0.037242,74
2023,get,0.037225,75
2023,assu,0.037191,76
2023,department,0.037191,77
2023,against,0.037173,78
2023,however,0.037086,79
2023,union,0.037069,80
2023,need,0.037016,81
2023,education,0.036998,82
2023,law,0.036962,83
2023,email,0.036962,84
2023,made,0.036944,85
2023,part,0.036926,86
2023,issues,0.036908,87
2023,code,0.036871,88
2023,ph,0.036871,89
2023,workers,0.036853,90
2023,life,0.036816,91
2023,data,0.036798,92
2023,group,0.036798,93
2023,going,0.036761,94
2023,social,0.036742,95
2023,10,0.036723,96
2023,honor,0.036723,97
2023,take,0.036723,98
2023,board,0.036704,99
2023,article,0.036704,100
2023,change,0.03661,101
2023,different,0.03659,102
2023,oct,0.036571,103
2023,know,0.036552,104
2023,place,0.036513,105
2023,events,0.036513,106
2023,use,0.036513,107
2023,much,0.036513,108
2023,don,0.036454,109
2023,class,0.036434,110
2023,long,0.036395,111
2023,meeting,0.036375,112
2023,concerns,0.036274,113
2023,council,0.036233,114
2023,see,0.036212,115
2023,here,0.036109,116
2023,safety,0.036109,117
2023,study,0.036088,118
2023,system,0.036088,119
2023,provost,0.036066,120
2023,next,0.036024,121
2023,important,0.035981,122
2023,lot,0.03596,123
2023,high,0.035916,124
2023,help,0.035851,125
2023,american,0.035851,126
2023,future,0.035829,127
2023,12,0.035829,128
2023,another,0.035762,129
2023,current,0.035762,130
2023,working,0.035762,131
2023,every,0.03574,132
2023,based,0.035717,133
2023,three,0.035717,134
2023,past,0.035649,135
2023,feel,0.03558,136
2023,energy,0.03558,137
2023,speech,0.035487,138
2023,several,0.035464,139
2023,right,0.03544,140
2023,action,0.03544,141
2023,back,0.035392,142
2023,paper,0.035344,143
2023,something,0.035296,144
2023,former,0.035296,145
2023,care,0.035272,146
2023,building,0.035272,147
2023,go,0.035272,148
2023,resolution,0.035272,149
2023,found,0.035247,150
2023,jewish,0.035247,151
2023,review,0.035173,152
2023,april,0.035148,153
2023,california,0.035123,154
2023,23,0.035123,155
2023,administration,0.035098,156
2023,college,0.035098,157
2023,able,0.035098,158
2023,asked,0.035073,159
2023,across,0.035073,160
2023,chair,0.035047,161
2023,called,0.035047,162
2023,studies,0.035022,163
2023,decision,0.034996,164
2023,say,0.03497,165
2023,come,0.034944,166
2023,issue,0.034918,167
2023,quarter,0.034892,168
2023,office,0.034892,169
2023,experience,0.034892,170
2023,freedom,0.03484,171
2023,reporting,0.03484,172
2023,major,0.03476,173
2023,course,0.034733,174
2023,violence,0.034733,175
2023,housing,0.034706,176
2023,policy,0.034679,177
2023,told,0.034679,178
2023,used,0.034652,179
2023,food,0.034624,180
2023,week,0.034624,181
2023,house,0.034569,182
2023,11,0.034569,183
2023,information,0.034569,184
2023,news,0.034541,185
2023,climate,0.034541,186
2023,due,0.034541,187
2023,26,0.034513,188
2023,recent,0.034513,189
2023,without,0.034513,190
2023,petty,0.034485,191
2023,down,0.034457,192
2023,free,0.034457,193
2023,human,0.034457,194
2023,having,0.034428,195
2023,history,0.034428,196
2023,within,0.034428,197
2023,whether,0.034428,198
2023,case,0.0344,199
2023,power,0.0344,200
2024,said,0.051416,1
2024,students,0.049059,2
2024,university,0.047807,3
2024,student,0.045864,4
2024,covid,0.044584,5
2024,people,0.044396,6
2024,between,0.043783,7
2024,ugs,0.043748,8
2024,reported,0.043617,9
2024,year,0.0434,10
2024,campus,0.043284,11
2024,all,0.042879,12
2024,one,0.042782,13
2024,like,0.042721,14
2024,there,0.042568,15
2024,community,0.042544,16
2024,graduate,0.042489,17
2024,out,0.042205,18
2024,israel,0.041787,19
2024,according,0.041581,20
2024,wrote,0.041572,21
2024,research,0.041544,22
2024,time,0.041459,23
2024,president,0.04143,24
2024,many,0.041353,25
2024,first,0.041156,26
2024,school,0.040857,27
2024,new,0.040847,28
2024,some,0.040463,29
2024,members,0.040136,30
2024,work,0.040136,31
2024,support,0.040124,32
2024,think,0.039978,33
2024,workers,0.039814,34
2024,ph,0.039802,35
2024,pandemic,0.039748,36
2024,professor,0.039673,37
2024,faculty,0.039673,38
2024,years,0.039432,39
2024,theft,0.039419,40
2024,way,0.039391,41
2024,education,0.039364,42
2024,two,0.03935,43
2024,including,0.039336,44
2024,committee,0.039294,45
2024,election,0.039294,46
2024,really,0.039153,47
2024,30,0.03911,48
2024,last,0.039081,49
2024,against,0.039066,50
2024,10,0.039037,51
2024,public,0.039008,52
2024,union,0.038874,53
2024,25,0.038859,54
2024,political,0.038844,55
2024,make,0.038783,56
2024,office,0.038643,57
2024,health,0.03858,58
2024,building,0.03858,59
2024,event,0.03858,60
2024,day,0.0385,61
2024,program,0.038287,62
2024,both,0.03827,63
2024,undergraduate,0.038203,64
2024,now,0.038186,65
2024,oct,0.038152,66
2024,world,0.037996,67
2024,lot,0.037996,68
2024,law,0.037942,69
2024,state,0.037889,70
2024,process,0.037871,71
2024,26,0.03778,72
2024,ai,0.037762,73
2024,academic,0.037743,74
2024,any,0.037688,75
2024,policy,0.037594,76
2024,24,0.037594,77
2024,around,0.037537,78
2024,get,0.037499,79
2024,war,0.037499,80
2024,science,0.037499,81
2024,white,0.03746,82
2024,center,0.037441,83
2024,former,0.037441,84
2024,change,0.037363,85
2024,class,0.037323,86
2024,12,0.037323,87
2024,bill,0.037283,88
2024,need,0.037223,89
2024,co,0.037203,90
2024,issues,0.037203,91
2024,social,0.037182,92
2024,vote,0.037162,93
2024,trump,0.037142,94
2024,speech,0.03708,95
2024,here,0.03708,96
2024,senate,0.037059,97
2024,11,0.037038,98
2024,going,0.037038,99
2024,made,0.037017,100
2024,much,0.037017,101
2024,across,0.037017,102
2024,free,0.036975,103
2024,see,0.036975,104
2024,international,0.036954,105
2024,part,0.036933,106
2024,funding,0.036911,107
2024,however,0.036869,108
2024,california,0.036782,109
2024,take,0.03676,110
2024,well,0.036738,111
2024,petty,0.036738,112
2024,don,0.036649,113
2024,00,0.036627,114
2024,safety,0.036536,115
2024,want,0.03649,116
2024,place,0.036467,117
2024,right,0.036467,118
2024,report,0.03635,119
2024,27,0.036303,120
2024,country,0.036255,121
2024,college,0.036207,122
2024,told,0.036207,123
2024,high,0.036207,124
2024,future,0.036183,125
2024,department,0.036183,126
2024,know,0.036158,127
2024,american,0.036109,128
2024,long,0.036035,129
2024,use,0.036035,130
2024,experience,0.036035,131
2024,based,0.035985,132
2024,three,0.035985,133
2024,called,0.035985,134
2024,policies,0.03596,135
2024,every,0.035934,136
2024,week,0.035909,137
2024,system,0.035909,138
2024,next,0.035857,139
2024,nov,0.035857,140
2024,democracy,0.035832,141
2024,feel,0.035806,142
2024,family,0.035753,143
2024,life,0.035753,144
2024,meeting,0.035727,145
2024,group,0.035647,146
2024,concerns,0.035647,147
2024,director,0.035647,148
2024,reached,0.035621,149
2024,important,0.035621,150
2024,working,0.035594,151
2024,following,0.035539,152
2024,current,0.035539,153
2024,government,0.035539,154
2024,different,0.035539,155
2024,help,0.035457,156
2024,20,0.035373,157
2024,april,0.035345,158
2024,events,0.035345,159
2024,admissions,0.035317,160
2024,second,0.035317,161
2024,march,0.035289,162
2024,assu,0.035289,163
2024,continue,0.035289,164
2024,national,0.03526,165
2024,states,0.035231,166
2024,team,0.035231,167
2024,found,0.035231,168
2024,universities,0.035202,169
2024,history,0.035202,170
2024,role,0.035173,171
2024,several,0.035144,172
2024,action,0.035144,173
2024,study,0.035144,174
2024,media,0.035115,175
2024,court,0.035085,176
2024,back,0.034966,177
2024,due,0.034936,178
2024,human,0.034936,179
2024,sexual,0.034936,180
2024,able,0.034936,181
2024,housing,0.034875,182
2024,something,0.034875,183
2024,staff,0.03475,184
2024,writing,0.034719,185
2024,rights,0.034687,186
2024,course,0.034655,187
2024,19,0.034655,188
2024,jan,0.034623,189
2024,power,0.034559,190
2024,decision,0.034526,191
2024,board,0.034526,192
2024,data,0.034494,193
2024,sudps,0.034461,194
2024,email,0.034428,195
2024,expressed,0.034428,196
2024,provost,0.034428,197
2024,come,0.034394,198
2024,less,0.034394,199
2024,15,0.034361,200
2025,said,0.049913,1
2025,students,0.048102,2
2025,ugs,0.046226,3
2025,university,0.045463,4
2025,student,0.045196,5
2025,covid,0.045013,6
2025,professor,0.044352,7
2025,people,0.043843,8
2025,all,0.043281,9
2025,one,0.043275,10
2025,year,0.043163,11
2025,like,0.042843,12
2025,school,0.042766,13
2025,campus,0.042433,14
2025,community,0.042091,15
2025,between,0.042079,16
2025,there,0.042009,17
2025,reported,0.0418,18
2025,out,0.041618,19
2025,time,0.04152,20
2025,trump,0.041506,21
2025,research,0.041299,22
2025,first,0.041181,23
2025,new,0.041166,24
2025,education,0.040882,25
2025,president,0.040608,26
2025,wrote,0.040275,27
2025,work,0.040031,28
2025,many,0.039985,29
2025,pandemic,0.039844,30
2025,think,0.039748,31
2025,according,0.03964,32
2025,really,0.03963,33
2025,administration,0.03958,34
2025,political,0.03955,35
2025,support,0.0395,36
2025,way,0.039418,37
2025,now,0.039239,38
2025,graduate,0.039197,39
2025,26,0.039186,40
2025,ai,0.039175,41
2025,years,0.039143,42
2025,health,0.03911,43
2025,science,0.039099,44
2025,funding,0.039055,45
2025,program,0.038955,46
2025,two,0.038876,47
2025,some,0.038795,48
2025,make,0.038702,49
2025,day,0.038667,50
2025,last,0.038607,51
2025,american,0.038595,52
2025,faculty,0.038595,53
2025,law,0.038571,54
2025,center,0.038523,55
2025,public,0.038486,56
2025,theft,0.038474,57
2025,world,0.038362,58
2025,25,0.038312,59
2025,event,0.038312,60
2025,life,0.038286,61
2025,co,0.038235,62
2025,class,0.038235,63
2025,members,0.038171,64
2025,history,0.038106,65
2025,including,0.038079,66
2025,federal,0.038013,67
2025,against,0.038013,68
2025,universities,0.037986,69
2025,office,0.037836,70
2025,department,0.037836,71
2025,both,0.037822,72
2025,lot,0.037668,73
2025,take,0.037639,74
2025,30,0.037625,75
2025,building,0.037625,76
2025,policy,0.037596,77
2025,don,0.037553,78
2025,social,0.037524,79
2025,every,0.037345,80
2025,government,0.037345,81
2025,see,0.03733,82
2025,medicine,0.037238,83
2025,10,0.037192,84
2025,get,0.037176,85
2025,international,0.037129,86
2025,across,0.037066,87
2025,want,0.037034,88
2025,any,0.036986,89
2025,however,0.036872,90
2025,need,0.036855,91
2025,around,0.036855,92
2025,academic,0.036789,93
2025,country,0.03667,94
2025,going,0.03667,95
2025,team,0.03667,96
2025,speech,0.036653,97
2025,use,0.036584,98
2025,free,0.036567,99
2025,much,0.036532,100
2025,made,0.036443,101
2025,part,0.036425,102
2025,process,0.036425,103
2025,well,0.036407,104
2025,state,0.036407,105
2025,change,0.036389,106
2025,director,0.036371,107
2025,information,0.036335,108
2025,week,0.036335,109
2025,undergraduate,0.036317,110
2025,long,0.03628,111
2025,something,0.036243,112
2025,different,0.036206,113
2025,engineering,0.036131,114
2025,associate,0.036093,115
2025,experience,0.036074,116
2025,right,0.036036,117
2025,national,0.035977,118
2025,former,0.035958,119
2025,here,0.035938,120
2025,current,0.035938,121
2025,sciences,0.035938,122
2025,feel,0.035919,123
2025,27,0.035899,124
2025,staff,0.03586,125
2025,without,0.03584,126
2025,back,0.0358,127
2025,know,0.0358,128
2025,must,0.0358,129
2025,meeting,0.035759,130
2025,future,0.035739,131
2025,another,0.035739,132
2025,three,0.035657,133
2025,next,0.035616,134
2025,system,0.035595,135
2025,climate,0.035553,136
2025,28,0.035532,137
2025,democracy,0.035532,138
2025,space,0.035532,139
2025,house,0.035511,140
2025,petty,0.035511,141
2025,care,0.035468,142
2025,action,0.035382,143
2025,place,0.035382,144
2025,12,0.035382,145
2025,college,0.03536,146
2025,report,0.035338,147
2025,20,0.035338,148
2025,bill,0.035338,149
2025,rights,0.035317,150
2025,working,0.035272,151
2025,assu,0.035272,152
2025,israel,0.03526,153
2025,california,0.035206,154
2025,group,0.035206,155
2025,gsc,0.035183,156
2025,things,0.035138,157
2025,march,0.035138,158
2025,events,0.035115,159
2025,email,0.035115,160
2025,high,0.035092,161
2025,humanities,0.035069,162
2025,media,0.035046,163
2025,institutions,0.035046,164
2025,important,0.034953,165
2025,oct,0.034953,166
2025,told,0.034953,167
2025,continue,0.03493,168
2025,ph,0.034906,169
2025,energy,0.034882,170
2025,women,0.034858,171
2025,april,0.034858,172
2025,council,0.034858,173
2025,provost,0.034858,174
2025,safety,0.034834,175
2025,programs,0.03481,176
2025,club,0.03481,177
2025,11,0.034786,178
2025,assistant,0.034786,179
2025,together,0.034762,180
2025,executive,0.034738,181
2025,go,0.034738,182
2025,white,0.034713,183
2025,found,0.034713,184
2025,senate,0.034713,185
2025,human,0.034713,186
2025,come,0.034688,187
2025,studies,0.034589,188
2025,help,0.034589,189
2025,decision,0.034589,190
2025,recent,0.034589,191
2025,called,0.034564,192
2025,power,0.034538,193
2025,member,0.034513,194
2025,diversity,0.034513,195
2025,data,0.034488,196
2025,added,0.034462,197
2025,states,0.034436,198
2025,open,0.034436,199
2025,letter,0.03441,200
2026,said,0.051228,1
2026,students,0.049648,2
2026,ugs,0.046896,3
2026,student,0.046516,4
2026,university,0.046056,5
2026,one,0.044628,6
2026,campus,0.04462,7
2026,year,0.044297,8
2026,people,0.044174,9
2026,between,0.04374,10
2026,ai,0.043585,11
2026,all,0.043575,12
2026,reported,0.043435,13
2026,like,0.042995,14
2026,out,0.042705,15
2026,time,0.042461,16
2026,there,0.042316,17
2026,community,0.042279,18
2026,new,0.041726,19
2026,research,0.041603,20
2026,first,0.04152,21
2026,work,0.041379,22
2026,according,0.04135,23
2026,wrote,0.041307,24
2026,school,0.041249,25
2026,education,0.041131,26
2026,some,0.040212,27
2026,public,0.040142,28
2026,program,0.040124,29
2026,way,0.040107,30
2026,many,0.040071,31
2026,co,0.040071,32
2026,years,0.039981,33
2026,class,0.03989,34
2026,including,0.039834,35
2026,president,0.039815,36
2026,professor,0.039664,37
2026,event,0.039645,38
2026,two,0.039626,39
2026,think,0.039529,40
2026,life,0.039509,41
2026,theft,0.039309,42
2026,make,0.039248,43
2026,center,0.039228,44
2026,really,0.039228,45
2026,political,0.039124,46
2026,academic,0.039124,47
2026,graduate,0.039082,48
2026,support,0.03906,49
2026,both,0.038975,50
2026,team,0.038822,51
2026,now,0.038733,52
2026,27,0.038711,53
2026,world,0.038666,54
2026,26,0.038643,55
2026,building,0.038528,56
2026,policy,0.038528,57
2026,health,0.038435,58
2026,use,0.038219,59
2026,faculty,0.038145,60
2026,american,0.038145,61
2026,00,0.038145,62
2026,process,0.03807,63
2026,members,0.03807,64
2026,data,0.03802,65
2026,housing,0.037994,66
2026,law,0.037969,67
2026,social,0.037943,68
2026,across,0.037788,69
2026,30,0.037761,70
2026,government,0.037708,71
2026,last,0.037681,72
2026,without,0.037654,73
2026,funding,0.037628,74
2026,science,0.037573,75
2026,any,0.037573,76
2026,want,0.037491,77
2026,see,0.037491,78
2026,group,0.037463,79
2026,against,0.037379,80
2026,take,0.037294,81
2026,need,0.037265,82
2026,israel,0.0372,83
2026,undergraduate,0.037178,84
2026,ph,0.037178,85
2026,experience,0.037178,86
2026,care,0.037178,87
2026,different,0.037149,88
2026,national,0.037149,89
2026,made,0.03709,90
2026,10,0.03709,91
2026,around,0.03709,92
2026,report,0.03706,93
2026,federal,0.037031,94
2026,must,0.03694,95
2026,get,0.03691,96
2026,assu,0.036879,97
2026,going,0.036879,98
2026,human,0.036848,99
2026,department,0.036848,100
2026,trump,0.036817,101
2026,well,0.036786,102
2026,director,0.036786,103
2026,working,0.036755,104
2026,medical,0.036755,105
2026,change,0.036755,106
2026,california,0.036724,107
2026,safety,0.036724,108
2026,28,0.036724,109
2026,every,0.036724,110
2026,april,0.036724,111
2026,information,0.036692,112
2026,much,0.036596,113
2026,whether,0.036596,114
2026,part,0.036564,115
2026,administration,0.036564,116
2026,free,0.036564,117
2026,office,0.036466,118
2026,based,0.036466,119
2026,access,0.036433,120
2026,college,0.036433,121
2026,system,0.036433,122
2026,however,0.036433,123
2026,march,0.036433,124
2026,state,0.036366,125
2026,often,0.036333,126
2026,long,0.036333,127
2026,petty,0.036299,128
2026,medicine,0.036299,129
2026,high,0.036299,130
2026,lot,0.036299,131
2026,next,0.036299,132
2026,bill,0.036265,133
2026,history,0.036265,134
2026,something,0.036265,135
2026,three,0.036196,136
2026,day,0.036127,137
2026,good,0.036127,138
2026,another,0.036127,139
2026,here,0.036092,140
2026,rather,0.036057,141
2026,don,0.036057,142
2026,current,0.036057,143
2026,house,0.036021,144
2026,former,0.035986,145
2026,know,0.035914,146
2026,speech,0.035878,147
2026,right,0.035878,148
2026,decision,0.035841,149
2026,future,0.035841,150
2026,jan,0.035841,151
2026,feel,0.035841,152
2026,found,0.035805,153
2026,beyond,0.035693,154
2026,within,0.035655,155
2026,chair,0.035655,156
2026,questions,0.035655,157
2026,several,0.035655,158
2026,place,0.035617,159
2026,email,0.035541,160
2026,back,0.035541,161
2026,senate,0.035541,162
2026,meeting,0.035541,163
2026,family,0.035541,164
2026,12,0.035424,165
2026,gsc,0.035424,166
2026,person,0.035424,167
2026,case,0.035345,168
2026,technology,0.035305,169
2026,country,0.035305,170
2026,important,0.035305,171
2026,project,0.035224,172
2026,universities,0.035224,173
2026,space,0.035184,174
2026,food,0.035184,175
2026,sexual,0.035184,176
2026,able,0.035184,177
2026,real,0.035142,178
2026,past,0.035142,179
2026,000,0.035142,180
2026,best,0.035142,181
2026,power,0.035142,182
2026,events,0.035059,183
2026,council,0.035018,184
2026,covid,0.034982,185
2026,better,0.034933,186
2026,candidate,0.034933,187
2026,others,0.03489,188
2026,feb,0.03489,189
2026,come,0.03489,190
2026,week,0.034847,191
2026,described,0.034847,192
2026,things,0.034803,193
2026,course,0.034803,194
2026,study,0.034803,195
2026,rights,0.034715,196
2026,11,0.034671,197
2026,regarding,0.034671,198
2026,reached,0.034671,199
2026,escondido,0.034626,200
