word,pre_freq,post_freq,absolute_change,relative_change
said,7879.482000000001,12490.6225,4611.140499999999,58.52085835084081
reported,477.4620000000001,2963.4275,2485.9655,520.6624820404554
university,3775.0619999999994,5853.2375,2078.1755000000007,55.050102488383004
tessier,421.93,1851.4,1429.47,338.79316474296684
lavigne,422.71000000000004,1847.84,1425.1299999999999,337.14130254784595
wrote,1030.218,2354.2,1323.9819999999997,128.51474154014002
between,1856.824,3082.495,1225.6709999999998,66.00900246873155
ai,414.22,1600.4775,1186.2575,286.3834435807059
student,4205.994000000001,5361.735000000001,1155.741,27.478427216015994
professor,1199.702,2290.97,1091.2679999999998,90.96158879455064
students,7903.1179999999995,8920.3,1017.1819999999998,12.870641688508256
graduate,1336.91,2227.5425,890.6324999999999,66.61873274939973
research,1529.874,2363.1925,833.3185000000001,54.46974718179406
according,1732.452,2459.075,726.6229999999998,41.94188352693176
faculty,1235.558,1922.87,687.3119999999999,55.627659729450166
ph,499.034,1144.5725,645.5385,129.35761891975298
co,692.862,1337.46,644.5980000000001,93.0341106887086
academic,814.612,1404.76,590.148,72.44528683594153
building,587.932,1176.555,588.623,100.11753059877672
including,941.882,1499.5425,557.6605000000001,59.20704504385901
federal,388.42333333333335,913.4466666666667,525.0233333333333,135.16781518446368
president,1483.34,1966.18,482.84000000000015,32.550864939932865
speech,464.038,936.35,472.312,101.78304363004753
safety,440.0875,895.2775,455.19000000000005,103.43170392251541
union,452.19500000000005,898.505,446.30999999999995,98.69857030705778
sit,315.03,752.97,437.94000000000005,139.01533187315496
education,1300.662,1730.8574999999998,430.1954999999998,33.075118670338625
science,869.716,1292.9225000000001,423.2065000000001,48.6603098022803
school,1952.9080000000001,2368.9725,416.0644999999997,21.304869456216046
medicine,344.09666666666664,748.5825,404.48583333333335,117.55005860756185
across,613.702,1016.2475,402.54549999999995,65.59299138669907
funding,831.46,1233.0475000000001,401.5875000000001,48.299076323575406
universities,405.915,803.22,397.305,97.87886626510476
year,3100.1259999999997,3487.4525,387.3265000000001,12.493895409412396
trump,1131.51,1512.4099999999999,380.89999999999986,33.662981325838906
paper,437.67,811.77,374.09999999999997,85.47535814654876
gsc,540.1850000000001,904.3525,364.1674999999999,67.41532993326358
administration,648.216,1010.675,362.45899999999995,55.916392066841915
war,390.82,752.6675,361.8475,92.58674069904305
israel,542.1,899.91,357.80999999999995,66.00442722744879
april,461.395,811.8625,350.4675,75.95823535148843
workers,717.4399999999999,1067.6033333333332,350.1633333333333,48.80733348201011
former,579.966,920.3275000000001,340.3615000000001,58.68645748199034
nov,339.05,678.0933333333334,339.04333333333335,99.99803372167331
jan,329.12,634.735,305.615,92.85822800194458
report,727.6379999999999,1024.7649999999999,297.12699999999995,40.83445339578196
undergraduate,838.392,1133.4475,295.05549999999994,35.19302426549871
law,945.6380000000001,1239.885,294.24699999999984,31.116241098602192
election,567.3475,861.4775,294.13,51.843006270407464
event,1134.328,1417.725,283.39699999999993,24.9836907843234
march,476.92,760.16,283.23999999999995,59.389415415583315
committee,766.46,1033.3,266.8399999999999,34.81460219711399
bill,579.244,834.1575,254.9135,44.00796555510286
freedom,349.81,598.7974999999999,248.9874999999999,71.17792515937221
political,1046.272,1294.7775000000001,248.5055000000002,23.751519681306604
institutions,358.365,605.915,247.54999999999995,69.07761639669052
support,1386.47,1627.3175,240.84750000000008,17.371273810468317
california,640.798,880.8525,240.05449999999996,37.46180543634655
international,598.342,837.2975,238.95550000000003,39.93627390355349
director,742.4399999999999,981.155,238.71500000000003,32.15276655352622
incident,340.11,576.78,236.66999999999996,69.58631031136984
following,443.95,678.4175,234.46750000000003,52.813943011600415
statement,551.426,780.3325,228.90649999999994,41.51173502881618
policies,448.36199999999997,675.725,227.36300000000006,50.70969439872248
based,619.516,827.7625,208.24650000000008,33.61438606912495
build,325.26,532.735,207.47500000000002,63.787431593186994
public,1288.458,1495.27,206.8119999999999,16.05112467771552
vote,458.36199999999997,658.5425,200.18050000000005,43.67301390603935
center,1128.0459999999998,1324.24,196.1940000000002,17.392375842829125
office,891.872,1085.0549999999998,193.18299999999988,21.660395213662934
resolution,416.4433333333333,608.4975,192.05416666666662,46.117719097436215
data,708.894,898.205,189.31100000000004,26.70512093486474
free,727.754,916.8625,189.10849999999994,25.985223028660776
jewish,365.15749999999997,550.3766666666667,185.2191666666667,50.723089808279084
chair,471.14,655.88,184.74,39.211274780320075
against,1076.362,1257.245,180.8829999999998,16.8050339941395
associate,431.86999999999995,608.82,176.9500000000001,40.9729779794846
energy,482.922,658.65,175.72799999999995,36.38848509697217
share,344.505,518.2766666666666,173.77166666666665,50.44097086157433
immigration,370.66,543.245,172.58499999999998,46.56153887659849
higher,329.40333333333336,501.82666666666665,172.4233333333333,52.34413737970672
action,571.948,742.39,170.442,29.80026156223993
led,395.63800000000003,564.785,169.14699999999993,42.752971150395034
medical,433.69800000000004,598.4625,164.76449999999994,37.99060636664221
employees,338.21,498.25,160.04000000000002,47.31971260459479
stop,322.49,482.31,159.82,49.55812583335917
investigation,363.95,523.38,159.43,43.805467784036274
engineering,531.61,690.495,158.885,29.887511521604182
council,605.195,762.66,157.46499999999992,26.018886474607346
several,576.3979999999999,733.2175,156.81950000000006,27.206808489967017
senior,377.8,533.045,155.24499999999995,41.09184753838008
district,336.31,490.28,153.96999999999997,45.782165264190766
access,460.392,611.2475,150.85549999999995,32.766750942674925
letter,388.398,537.7033333333334,149.30533333333335,38.44132393404017
focused,335.72,480.81,145.08999999999997,43.21756225425949
systems,327.79,470.46500000000003,142.675,43.52634308551207
alumni,351.98,494.2633333333333,142.2833333333333,40.423698316192194
due,487.41999999999996,629.1075,141.6875,29.068872840671293
humanities,448.395,588.6850000000001,140.29000000000008,31.28714637763581
concerns,573.0440000000001,708.875,135.8309999999999,23.70341544453827
shared,395.22,528.5,133.27999999999997,33.72298972724052
studies,546.358,679.3775,133.0195000000001,24.346582277554297
previous,342.4825,471.875,129.39249999999998,37.78076252071273
meeting,736.4739999999999,865.0825,128.60850000000005,17.46273459755539
writing,450.05,578.32,128.27000000000004,28.50127763581825
executive,391.49,518.72,127.23000000000002,32.498914403943914
events,691.432,818.1225,126.69049999999993,18.322915340915653
regarding,416.59666666666664,538.7775,122.1808333333334,29.328327158962725
leadership,431.6175,553.74,122.1225,28.294149333611358
health,1252.086,1372.405,120.31899999999996,9.609483693612097
assistant,372.75,492.2266666666667,119.47666666666669,32.052761010507496
provost,574.2280000000001,693.2075,118.97949999999992,20.71990568206355
candidates,356.97333333333336,474.33,117.35666666666663,32.87547155716579
results,327.44,442.97,115.53000000000003,35.28279990227218
department,956.308,1070.595,114.28700000000003,11.950856836918653
vice,438.858,552.375,113.517,25.866453385833232
national,714.9379999999999,827.3975,112.45950000000016,15.729965395600761
asian,327.56,439.73,112.17000000000002,34.24410794968861
continue,547.008,658.96,111.952,20.466245466245464
global,392.5775,503.4125,110.83500000000004,28.232641962415073
government,790.8639999999999,901.1099999999999,110.24599999999998,13.93994416233385
lab,309.93,418.26,108.32999999999998,34.95305391540025
expressed,410.7975,518.93,108.13249999999994,26.322579859906632
beyond,436.84,544.7025,107.86250000000001,24.691534657998357
study,652.948,760.755,107.80700000000002,16.510809436586072
members,1513.174,1619.725,106.55099999999993,7.041556357695805
learn,442.764,548.6825,105.9185,23.922112005492764
community,2668.774,2774.635,105.86100000000033,3.9666528525832585
call,416.0,519.2425000000001,103.24250000000006,24.817908653846168
senators,355.50333333333333,458.39,102.88666666666666,28.94112572784127
legal,396.86999999999995,499.3425,102.47250000000003,25.82016781313781
tuesday,390.025,492.06333333333333,102.03833333333336,26.161998162510958
spoke,350.48333333333335,452.01,101.52666666666664,28.96761614912739
leaders,373.005,473.36,100.35500000000002,26.904465087599366
website,341.65000000000003,441.485,99.83499999999998,29.221425435387083
changes,443.468,543.035,99.56699999999995,22.4519018283168
court,538.448,636.2574999999999,97.80949999999996,18.16507815053635
researchers,395.4166666666667,492.245,96.82833333333332,24.487671232876707
santa,370.51,466.92,96.41000000000003,26.0208901244231
spokesperson,349.61,445.05,95.44,27.29899030348102
received,449.41999999999996,542.575,93.15500000000009,20.72782697699259
fellow,340.2525,433.0975,92.84500000000003,27.287088265332372
language,363.3775,454.99,91.61250000000001,25.211384854593366
email,733.4440000000001,824.665,91.22099999999989,12.437350363490584
rights,616.332,707.06,90.72799999999995,14.72063757844797
weeks,358.4275,448.61,90.1825,25.16059733139896
hall,434.27,523.005,88.73500000000001,20.4331406728533
current,768.634,857.13,88.49599999999998,11.513412105111144
living,386.35,471.4375,85.08749999999998,22.02342435615374
candidate,417.74666666666667,502.5733333333333,84.82666666666665,20.305767450767608
sex,352.47,437.15,84.67999999999995,24.024739694158352
monday,353.41,437.005,83.59499999999997,23.653829829376637
pay,426.8666666666666,510.21,83.34333333333336,19.524441667968148
affordability,370.51,452.17,81.66000000000003,22.03989096110767
harassment,361.01,442.45,81.44,22.558931885543338
wednesday,383.315,462.185,78.87,20.575766667101473
described,373.74,451.7425,78.0025,20.870792529566007
called,655.696,732.1075,76.41149999999993,11.653494912276411
status,347.62,423.15,75.52999999999997,21.727748691099467
friday,335.61,409.855,74.245,22.12240398081106
family,632.322,706.3625,74.04049999999995,11.709303171485406
institute,325.64,399.4075,73.76750000000004,22.65308315931705
assu,845.1659999999999,918.765,73.59900000000005,8.70823009917579
day,1153.026,1225.3574999999998,72.33149999999978,6.273188982728904
nature,325.26,395.2,69.94,21.502797761790568
media,592.95,662.7725,69.82249999999999,11.775444809849057
dean,365.34999999999997,434.83,69.48000000000002,19.017380593951014
civil,333.44,402.0833333333333,68.64333333333332,20.58641234804862
emphasized,350.07,416.4266666666667,66.35666666666668,18.95525656773408
care,757.8219999999999,824.02,66.19800000000009,8.735296679167417
programs,480.84,544.7225,63.88249999999999,13.28560435903835
request,355.31,416.57,61.25999999999999,17.241282260561196
nation,312.85,373.72,60.870000000000005,19.456608598369826
food,567.2479999999999,627.4375,60.189500000000066,10.610791047302074
review,522.865,582.76,59.89499999999998,11.45515572853413
increase,410.994,470.75,59.75599999999997,14.539385003187386
identity,366.68,425.815,59.13499999999999,16.1271408312425
included,341.47,399.21000000000004,57.74000000000001,16.90924532169737
run,410.945,467.15,56.204999999999984,13.677012738930996
second,569.8779999999999,625.7475000000001,55.86950000000013,9.80376501637195
created,335.565,388.08,52.514999999999986,15.64972509051897
thursday,388.08000000000004,439.77,51.68999999999994,13.319418676561517
power,648.1479999999999,695.29,47.14200000000005,7.2733388053345935
goal,396.414,442.54499999999996,46.13099999999997,11.637076389834863
state,895.0200000000001,939.12,44.09999999999991,4.927264195213504
speakers,423.33,467.3,43.97000000000003,10.386695958235899
response,584.0219999999999,627.1,43.07800000000009,7.3760919965343925
knowledge,336.91333333333336,379.11,42.19666666666666,12.524487009517776
include,425.87399999999997,467.4025,41.52850000000001,9.751358382995912
next,834.342,875.675,41.33299999999997,4.953963722310512
available,369.012,409.45,40.43799999999999,10.958451215678618
country,748.0840000000001,787.9825,39.8984999999999,5.333425123381852
role,608.162,646.835,38.673,6.358996451603356
whose,353.41,391.93,38.51999999999998,10.899521801873172
association,365.32,403.4,38.079999999999984,10.423738092631114
risk,332.51,369.745,37.235000000000014,11.198159453851018
art,459.33666666666664,496.14,36.80333333333334,8.012278575627175
environment,356.566,393.3675,36.80150000000003,10.321090625578444
view,345.4475,381.88,36.432500000000005,10.546465092380174
admissions,450.32,486.66,36.34000000000003,8.069817019008713
approach,321.17,356.7075,35.537499999999966,11.065012298782564
aid,343.14000000000004,377.855,34.714999999999975,10.116861922247471
career,393.794,428.28666666666663,34.49266666666665,8.759063537450203
team,917.936,952.3774999999999,34.441499999999905,3.752058967073947
asked,570.314,602.4975,32.18349999999998,5.643119404398276
importance,346.81,378.85,32.04000000000002,9.238487932873914
non,462.534,494.4575,31.92349999999999,6.9018709975915264
meet,350.305,381.73,31.42500000000001,8.970754057178747
together,577.9,609.0225,31.12250000000006,5.385447309223059
days,391.42600000000004,421.6,30.173999999999978,7.708736772723318
hopes,365.5325,395.605,30.07249999999999,8.227038635415452
night,462.40599999999995,492.46999999999997,30.06400000000002,6.5016457398909235
book,342.01,371.83,29.819999999999993,8.719043302827401
security,459.2633333333333,488.9575,29.69416666666666,6.465607966380943
children,452.45,482.1033333333333,29.653333333333308,6.553947029137652
address,448.014,477.395,29.380999999999972,6.558053989384254
information,784.338,813.33,28.992000000000075,3.696365597484768
million,413.392,442.085,28.692999999999984,6.940869683012729
parents,346.06,374.68,28.620000000000005,8.270242154539677
speak,381.78,410.34000000000003,28.56000000000006,7.480748074807497
companies,407.038,435.32,28.281999999999982,6.9482456183452115
comment,464.685,491.0125,26.327499999999986,5.665665988788101
clear,408.38,433.6425,25.26249999999999,6.186027719281059
areas,309.93,334.82,24.889999999999986,8.030845674829795
economic,380.9375,403.235,22.297500000000014,5.8533223954060745
institution,400.65000000000003,422.36,21.70999999999998,5.418694621240479
concern,327.5,348.92,21.420000000000016,6.5404580152671805
decision,717.0,738.095,21.095000000000027,2.9421199442119983
learning,516.83,537.16,20.329999999999927,3.9335951860379477
bay,345.81,364.60999999999996,18.799999999999955,5.436511379080985
friend,339.05,356.76,17.70999999999998,5.223418374870957
system,867.01,884.555,17.54499999999996,2.02362141151774
field,409.98999999999995,426.57,16.58000000000004,4.044001073196918
recent,632.384,648.735,16.351,2.585612539216678
individuals,411.735,427.5933333333333,15.858333333333292,3.851587388328243
despite,504.11400000000003,519.935,15.820999999999913,3.138377430501813
member,620.96,635.8875,14.927500000000009,2.4039390620973986
increased,332.51,345.36,12.850000000000023,3.8645454272052038
families,343.91,356.76,12.849999999999966,3.7364426739553847
commitment,347.71,360.47,12.760000000000048,3.669724770642216
taken,364.552,375.485,10.932999999999993,2.9990234589304112
training,340.7966666666666,351.64,10.843333333333362,3.1817603849803
known,352.856,363.16,10.30400000000003,2.9201714013648714
cannot,403.092,412.90000000000003,9.80800000000005,2.433191430244225
donald,360.82,370.49,9.670000000000016,2.680006651515996
significant,328.71,338.16499999999996,9.454999999999984,2.876395607070057
hours,426.12,435.5125,9.392499999999984,2.2041913076128754
various,348.13,356.04,7.910000000000025,2.2721397179214735
months,371.84000000000003,379.72249999999997,7.882499999999936,2.1198633820998105
held,399.066,406.0175,6.95150000000001,1.7419424355870985
challenges,364.97333333333336,371.8225,6.849166666666633,1.876621123004411
effort,325.4633333333333,331.63,6.166666666666686,1.8947346859349294
technology,639.796,645.6675,5.871499999999969,0.917714396463868
act,440.116,445.8175,5.70150000000001,1.295453925783205
brought,326.45,331.83,5.3799999999999955,1.6480318578649091
administrators,340.355,345.145,4.789999999999964,1.4073540861747187
itself,437.524,442.18,4.656000000000006,1.064170194092211
panel,339.05,343.65,4.599999999999966,1.3567320454210192
especially,595.518,599.8875,4.369500000000016,0.733730970348506
published,402.4166666666667,406.65999999999997,4.2433333333332826,1.0544626216607866
human,771.522,774.9625,3.440499999999929,0.4459367328475311
bike,392.31666666666666,395.2,2.8833333333333258,0.7349505076681233
live,459.054,461.5575,2.503500000000031,0.5453606765217232
residents,385.615,388.01,2.394999999999982,0.6210857980109648
values,371.64000000000004,373.72,2.079999999999984,0.5596814121192508
saying,372.2633333333333,373.84,1.5766666666666538,0.423535311025346
white,765.664,766.27,0.6059999999999945,0.07914698875746994
resources,573.146,573.5225,0.3765000000000782,0.06569006849913953
impact,566.936,567.12,0.18399999999996908,0.03245516248747109
six,330.66499999999996,330.84,0.17500000000001137,0.05292365384906518
hope,541.516,540.9675,-0.54849999999999,-0.10128971258466786
company,433.18,432.48,-0.6999999999999886,-0.16159564153469425
actions,389.48,388.355,-1.125,-0.28884666735134024
questions,562.542,561.135,-1.407000000000039,-0.25011465810553507
within,700.586,698.9,-1.6860000000000355,-0.24065567967387808
announced,376.62,374.69666666666666,-1.9233333333333462,-0.5106827394544491
says,351.15,348.92,-2.2299999999999613,-0.6350562437704574
form,372.48,370.1466666666667,-2.3333333333333144,-0.6264318442153443
early,403.44,400.7425,-2.697499999999991,-0.6686248264921651
per,324.91,321.70500000000004,-3.204999999999984,-0.9864270105567646
single,365.555,361.78,-3.775000000000034,-1.0326763414534157
noted,442.72,438.8033333333333,-3.9166666666667425,-0.8846825683652743
history,919.78,915.0699999999999,-4.710000000000036,-0.5120789754071666
environmental,362.082,356.53999999999996,-5.54200000000003,-1.5305925177169895
organizations,462.552,456.9075,-5.644499999999994,-1.2202952316712485
term,449.61199999999997,443.6566666666667,-5.955333333333272,-1.3245494633891604
teaching,414.332,407.845,-6.486999999999966,-1.5656526650125906
month,349.725,342.8,-6.925000000000011,-1.980127242833658
understanding,385.678,378.375,-7.302999999999997,-1.8935485041926159
found,780.208,772.6875,-7.52049999999997,-0.9639096241002362
audience,354.16999999999996,346.615,-7.55499999999995,-2.133156393822162
similar,391.356,383.6525,-7.7035000000000196,-1.9684123917865115
step,324.58,316.87,-7.7099999999999795,-2.3753774108078067
violence,594.576,586.0525,-8.523500000000013,-1.4335425580581813
initiative,359.52,350.77,-8.75,-2.4338006230529596
throughout,345.77666666666664,336.8333333333333,-8.943333333333328,-2.586447899896849
felt,524.482,515.21,-9.271999999999935,-1.7678395064082153
program,1496.864,1486.6225,-10.241500000000087,-0.6841970947260464
create,549.056,538.2774999999999,-10.778500000000122,-1.9630966604499578
interest,408.40999999999997,397.5,-10.909999999999968,-2.671335177884961
began,447.582,436.3725,-11.209499999999991,-2.504457283804977
level,455.346,443.8975,-11.448500000000024,-2.514241917135546
strong,382.54,370.57500000000005,-11.964999999999975,-3.1277774873215805
communities,574.462,562.2975,-12.164499999999975,-2.1175465043814867
receive,361.45,348.23,-13.21999999999997,-3.6574906626089283
room,428.754,415.4975,-13.256500000000017,-3.0918661983328475
along,355.672,341.8,-13.872000000000014,-3.9002226770732626
house,752.52,738.4375,-14.082499999999982,-1.871378833785146
remain,349.71,335.475,-14.234999999999957,-4.070515570043738
race,435.89000000000004,421.34749999999997,-14.542500000000075,-3.3362775012044494
benefits,361.01,346.30999999999995,-14.700000000000045,-4.071909365391553
plans,406.2175,391.44,-14.777499999999975,-3.6378294878974877
told,755.4639999999999,740.245,-15.218999999999937,-2.0145235246153277
opportunity,526.444,511.06,-15.383999999999958,-2.9222481403530023
space,690.434,674.395,-16.038999999999987,-2.323031600413651
campaign,478.2975,462.1566666666667,-16.14083333333332,-3.374643048172595
professors,379.27,362.71333333333337,-16.556666666666615,-4.365403714152613
week,824.9879999999999,808.1075,-16.880499999999984,-2.0461509743172
later,448.15600000000006,430.7366666666667,-17.419333333333384,-3.8868905767932107
worked,378.422,360.645,-17.777000000000044,-4.697665569126542
proposed,424.19,405.68333333333334,-18.50666666666666,-4.362824834783154
seen,360.95799999999997,341.32500000000005,-19.632999999999925,-5.43913696330319
justice,524.164,503.8,-20.363999999999976,-3.8850436123045418
ability,343.968,323.525,-20.44300000000004,-5.943285421899723
anti,455.4825,434.7833333333333,-20.699166666666713,-4.544448286524007
provide,599.742,578.665,-21.076999999999998,-3.514344501468965
around,1183.5279999999998,1162.2775,-21.250499999999874,-1.7955215254729824
lead,436.49,414.8625,-21.627499999999998,-4.954867236362802
bring,407.162,385.5,-21.661999999999978,-5.3202410834016876
campus,3461.916,3439.525,-22.391000000000076,-0.6467805689103975
won,345.0133333333333,322.17,-22.843333333333305,-6.62100015458339
opportunities,356.76666666666665,333.86,-22.906666666666638,-6.42062972998224
allow,352.37,329.27,-23.100000000000023,-6.555609160825275
love,497.6725,474.57,-23.10250000000002,-4.642109017476356
line,353.90000000000003,330.33000000000004,-23.569999999999993,-6.660073467081094
policy,1121.696,1097.6725,-24.023500000000013,-2.14171219296494
heard,348.22,323.84000000000003,-24.379999999999995,-7.001321003963009
position,392.202,367.805,-24.39699999999999,-6.220519018260997
using,471.026,446.34250000000003,-24.68349999999998,-5.240368896833717
schools,436.514,411.24333333333334,-25.27066666666667,-5.789199582754888
ask,373.072,346.71,-26.362000000000023,-7.066196337436212
big,459.764,432.48,-27.283999999999992,-5.934348926840725
americans,385.3025,357.61,-27.692499999999995,-7.187210049247018
must,756.284,727.785,-28.499000000000024,-3.768293392429302
service,588.28,559.5875000000001,-28.69249999999988,-4.877354321071579
future,897.872,869.12,-28.751999999999953,-3.2022381809433806
board,720.25,690.875,-29.375,-4.078444984380424
business,451.838,421.7025,-30.135500000000036,-6.669536426772435
organization,517.736,486.4375,-31.29849999999999,-6.0452624503608
computer,458.46400000000006,427.1,-31.364000000000033,-6.8411042088364695
lot,1102.182,1070.3,-31.882000000000062,-2.8926257188014377
large,466.422,433.8566666666666,-32.5653333333334,-6.981946248961969
towards,361.33000000000004,328.61,-32.72000000000003,-9.0554340907204
movement,447.53749999999997,414.54,-32.997499999999945,-7.373125157109728
gender,480.25199999999995,446.87,-33.38199999999995,-6.950934092934532
lack,435.512,402.0825,-33.42950000000002,-7.675907896912144
specific,415.7475,381.69666666666666,-34.050833333333344,-8.190267730613735
additional,383.82,348.92,-34.89999999999998,-9.09280391850346
top,380.54,345.185,-35.35500000000002,-9.290744731171499
efforts,479.43600000000004,443.445,-35.99100000000004,-7.506945661151862
potential,532.9019999999999,496.125,-36.77699999999993,-6.901268901223853
set,551.246,513.8725000000001,-37.37349999999992,-6.779822438620855
multiple,359.11,321.58,-37.53000000000003,-10.450836790955426
senator,372.78999999999996,334.82,-37.96999999999997,-10.185359049330716
climate,663.356,624.5425,-38.813499999999976,-5.851081470582911
move,355.59666666666664,316.56,-39.03666666666663,-10.97779319266209
industry,382.99,343.78499999999997,-39.20500000000004,-10.236559701297693
open,638.762,599.47,-39.291999999999916,-6.1512738703930285
debate,394.0675,354.75,-39.317499999999995,-9.977351595856039
diversity,631.602,591.83,-39.771999999999935,-6.29700349270584
sports,488.04,447.82,-40.22000000000003,-8.241127776411775
started,400.59749999999997,360.33,-40.267499999999984,-10.0518600340741
needs,442.31800000000004,401.885,-40.43300000000005,-9.141160884250707
coming,411.326,370.6933333333333,-40.632666666666694,-9.878458124861227
took,498.05199999999996,457.15,-40.90199999999999,-8.212395492840104
social,1165.6680000000001,1124.46,-41.208000000000084,-3.535140365867475
classes,532.818,491.41749999999996,-41.40050000000002,-7.770101610681325
recently,395.108,353.685,-41.423,-10.483968940137887
let,403.244,361.4,-41.84400000000005,-10.3768437968079
understand,552.982,510.00750000000005,-42.97449999999992,-7.7714102809856245
toward,383.26666666666665,340.15999999999997,-43.10666666666668,-11.247173421464607
general,487.35600000000005,444.09000000000003,-43.26600000000002,-8.877699258858005
currently,553.1659999999999,509.54499999999996,-43.62099999999998,-7.8856979640831115
behind,370.45799999999997,326.61,-43.847999999999956,-11.836159564646993
themselves,478.178,434.26,-43.918000000000006,-9.18444595945443
face,430.83599999999996,386.5675,-44.26849999999996,-10.27502344279493
projects,380.93333333333334,336.22,-44.71333333333331,-11.737836891844585
process,1260.3619999999999,1215.095,-45.266999999999825,-3.591587178921598
cases,441.5,395.2,-46.30000000000001,-10.486976217440546
attention,383.03249999999997,336.66,-46.372499999999945,-12.106675021049114
summer,407.122,360.64,-46.48200000000003,-11.417216460913442
thinking,405.77250000000004,358.085,-47.68750000000006,-11.752274981670777
taking,496.9440000000001,447.2975,-49.64650000000006,-9.990361086963532
design,384.59,332.84000000000003,-51.74999999999994,-13.455888088613834
police,517.57,465.69,-51.88000000000005,-10.02376490136601
major,614.604,562.325,-52.278999999999996,-8.506127522762624
politics,442.885,390.38000000000005,-52.50499999999994,-11.855222010228376
story,483.206,430.62000000000006,-52.585999999999956,-10.882729105184943
among,628.138,575.26,-52.87800000000004,-8.41821383199234
believes,365.87,312.5,-53.370000000000005,-14.587148440702983
area,543.08,489.33,-53.75000000000006,-9.89725270678354
low,476.246,422.44666666666666,-53.79933333333332,-11.296542823106824
forward,423.77799999999996,369.6166666666666,-54.161333333333346,-12.780591095652289
keep,399.7425,345.52,-54.222500000000025,-13.564357054854067
san,419.52666666666664,365.0075,-54.51916666666665,-12.9953995773014
possible,452.076,397.0825,-54.99350000000004,-12.164658154823533
tsd,681.2325000000001,625.8,-55.43250000000012,-8.137089760103946
related,398.645,343.12999999999994,-55.51500000000004,-13.925924067779615
brown,402.26,346.71,-55.55000000000001,-13.809476458012234
full,491.91399999999993,435.9575,-55.95649999999995,-11.37526071630406
american,1170.798,1112.75,-58.048,-4.957985920713907
conversation,437.744,379.1775,-58.56650000000002,-13.379166818962684
countries,393.78,334.82,-58.95999999999998,-14.97282746711361
show,449.372,389.98333333333335,-59.388666666666666,-13.21592503909159
local,435.54200000000003,375.24666666666667,-60.29533333333336,-13.843747177845847
healthcare,425.62,365.205,-60.41500000000002,-14.194586720548852
services,449.125,388.6133333333333,-60.51166666666671,-13.473234993969765
least,484.43999999999994,423.69,-60.74999999999994,-12.540252662868456
focus,470.064,408.8675,-61.196500000000015,-13.018759147690528
likely,415.75,353.255,-62.495000000000005,-15.031870114251353
article,741.624,679.0450000000001,-62.57899999999995,-8.438103405499275
residential,435.56000000000006,371.415,-64.14500000000004,-14.727018091652134
old,429.805,364.8333333333333,-64.97166666666669,-15.116545099909654
fall,440.296,374.92333333333335,-65.37266666666665,-14.847435967318951
water,560.335,494.655,-65.68000000000006,-11.72155942427299
personal,529.498,463.7025,-65.79550000000006,-12.426014829140064
dialogue,374.36,306.06,-68.30000000000001,-18.24447056309435
culture,620.79,551.3025,-69.48749999999995,-11.193398733871351
five,525.284,455.78,-69.50400000000002,-13.23169942354993
now,1479.158,1409.2,-69.95799999999986,-4.7295826409349
job,460.822,390.07,-70.75200000000001,-15.3534336468311
de,462.505,391.6433333333334,-70.86166666666662,-15.321275806027312
whether,768.024,696.5875,-71.43650000000002,-9.301336937387376
cost,408.52,336.01,-72.50999999999999,-17.749436992068933
involved,489.86,416.7133333333333,-73.1466666666667,-14.932157487173214
small,423.436,349.7966666666666,-73.63933333333335,-17.390900474530593
already,640.048,565.44,-74.60799999999995,-11.65662575306851
until,492.226,416.6466666666667,-75.5793333333333,-15.354599987268713
difficult,425.61,349.91,-75.69999999999999,-17.78623622565259
name,430.4,353.4266666666667,-76.9733333333333,-17.884138785625765
financial,621.164,544.0425,-77.12149999999997,-12.415642245848113
money,528.3520000000001,451.09000000000003,-77.26200000000006,-14.623205741626801
once,443.96999999999997,365.3633333333334,-78.60666666666657,-17.705400515049796
experiences,466.25,386.565,-79.685,-17.090616621983916
makes,476.25200000000007,396.0233333333333,-80.22866666666675,-16.845843517017617
comes,456.57399999999996,376.0325,-80.54149999999993,-17.640404403229255
everyone,494.628,414.0625,-80.56549999999999,-16.28809933930145
read,444.474,362.37,-82.10399999999998,-18.472171600588556
class,1355.374,1272.1325,-83.24150000000009,-6.141588963636611
long,1011.7299999999999,927.3125,-84.4174999999999,-8.343876330641566
almost,412.5475,327.56,-84.98750000000001,-20.600658106036278
matter,443.78000000000003,358.72,-85.06,-19.16715489657037
further,459.004,373.515,-85.48900000000003,-18.624892157802552
rather,678.2639999999999,592.425,-85.83899999999994,-12.655691589115737
having,670.8,584.9025,-85.89749999999992,-12.805232558139522
survey,471.6025,385.65999999999997,-85.94250000000005,-18.2235039042414
use,1116.452,1029.2525,-87.19949999999994,-7.810411912021291
start,436.28000000000003,348.905,-87.37500000000006,-20.027276061245082
united,571.0360000000001,483.165,-87.87100000000004,-15.38799655363235
every,1051.0,962.3575,-88.64250000000004,-8.434110371075171
real,622.214,533.3025,-88.91150000000005,-14.289537040310895
young,446.5125,357.50333333333333,-89.00916666666666,-19.934305683864764
ideas,510.642,420.62999999999994,-90.01200000000006,-17.627222202639043
plan,479.816,389.1825,-90.63349999999997,-18.889220034346494
without,917.406,822.1,-95.30599999999993,-10.388639272034403
times,616.914,521.3725,-95.54150000000004,-15.487004671639815
friends,540.47,444.78,-95.69000000000005,-17.704960497344914
dining,543.1933333333333,447.5025,-95.69083333333327,-17.61634899790129
wanted,465.60600000000005,367.19,-98.41600000000005,-21.137184658273313
feel,950.2540000000001,851.63,-98.62400000000014,-10.378698747913727
another,898.842,799.7675,-99.07449999999994,-11.022460009656863
body,516.728,417.54,-99.18799999999993,-19.195398739762496
self,519.1,419.54333333333335,-99.55666666666667,-19.178706736017467
believe,626.284,526.0325,-100.25149999999996,-16.00735449093382
instead,605.784,505.425,-100.35899999999998,-16.566796085733525
america,551.15,449.8066666666667,-101.3433333333333,-18.387613777253616
away,530.6659999999999,428.4725,-102.19349999999991,-19.257593288433767
conversations,421.925,318.655,-103.27000000000004,-24.475913965752216
sense,484.23999999999995,380.87000000000006,-103.36999999999989,-21.346852800264312
came,567.694,463.63,-104.06399999999996,-18.331002265304896
person,702.5620000000001,597.3100000000001,-105.25200000000007,-14.981168921746416
again,418.04400000000004,312.5,-105.54400000000004,-25.247103175742275
post,470.75666666666666,364.015,-106.74166666666667,-22.67448858929242
done,449.562,341.72,-107.84199999999998,-23.98823743999715
given,576.034,468.025,-108.00900000000001,-18.750455702267576
working,969.132,859.7275,-109.40449999999998,-11.288916267340259
making,721.252,609.73,-111.52199999999993,-15.462279480680808
less,708.9559999999999,597.3625,-111.59349999999995,-15.740539610356633
looking,443.74799999999993,332.1,-111.64799999999991,-25.160226074258347
going,1139.8899999999999,1027.145,-112.74499999999989,-9.890866662572696
city,510.65999999999997,397.34666666666664,-113.31333333333333,-22.18958472042716
lives,534.234,420.555,-113.67900000000003,-21.27887779512349
fossil,480.73,366.71,-114.02000000000004,-23.718095396584367
development,489.27200000000005,374.9975,-114.27450000000005,-23.3560269134551
sure,465.526,351.135,-114.39100000000002,-24.572419155965513
hoover,488.32,373.84,-114.48000000000002,-23.44364351245086
title,555.4024999999999,438.93,-116.47249999999991,-20.970827462966035
means,546.528,428.89,-117.63800000000003,-21.524606241583236
ever,467.43199999999996,349.645,-117.78699999999998,-25.198745485974428
party,578.5360000000001,457.22499999999997,-121.31100000000009,-20.968617337555497
home,577.888,456.09749999999997,-121.79050000000007,-21.07510451852263
first,2291.496,2168.5025,-122.99350000000004,-5.367388814992478
black,687.98,564.8675000000001,-123.11249999999995,-17.894778917991793
society,568.836,445.5175,-123.31850000000003,-21.679095556540027
quarter,670.434,546.9625,-123.47149999999999,-18.41665249674092
place,1012.716,889.2225,-123.49350000000004,-12.194287440901501
trying,506.23199999999997,378.97333333333336,-127.25866666666661,-25.13840821336198
doesn,505.51000000000005,376.355,-129.15500000000003,-25.54944511483453
able,841.5,712.3149999999999,-129.18500000000006,-15.351752822341064
housing,924.25,794.6275,-129.62249999999995,-14.02461455233973
costs,454.12,321.58,-132.54000000000002,-29.18611820664142
question,631.854,499.2366666666667,-132.61733333333336,-20.98860390744276
discussion,532.9399999999999,393.24666666666667,-139.69333333333327,-26.21183122552882
give,534.8520000000001,395.06666666666666,-139.78533333333343,-26.135329648824985
past,860.3399999999999,720.2674999999999,-140.0725,-16.281063300555594
explained,456.6425,316.56,-140.08249999999998,-30.67662339795354
states,767.8,624.995,-142.80499999999995,-18.599244594946597
last,1532.3319999999999,1389.1325,-143.19949999999994,-9.345200648423447
others,690.096,546.2625,-143.83349999999996,-20.842534951658894
left,495.70200000000006,350.47249999999997,-145.2295000000001,-29.297743402286063
become,671.28,524.9100000000001,-146.3699999999999,-21.804612084376103
project,749.838,602.16,-147.678,-19.69465404527378
way,1749.422,1600.7525,-148.66949999999997,-8.498206836315077
kind,545.2760000000001,394.94,-150.33600000000007,-27.570624784512805
didn,574.538,423.86,-150.678,-26.225941539114906
talk,618.272,467.1475,-151.12450000000007,-24.4430444852751
high,1017.184,865.845,-151.33899999999994,-14.878232453518727
used,701.17,549.06,-152.11,-21.69374046237004
added,746.278,593.26,-153.01800000000003,-20.5041552879758
both,1444.7220000000002,1290.15,-154.57200000000012,-10.699082591668162
see,1213.236,1058.635,-154.6010000000001,-12.742862889000994
application,486.42,331.63,-154.79000000000002,-31.822293491221583
far,562.3100000000001,405.8125,-156.49750000000006,-27.831178531415063
work,2077.35,1916.6,-160.75,-7.738224179844513
agreement,516.82,354.75,-162.07000000000005,-31.35908053093921
today,583.186,420.69000000000005,-162.49599999999998,-27.863494665509798
thought,553.846,390.22,-163.62599999999998,-29.54359153988653
put,610.472,446.2475,-164.22449999999998,-26.90123379942077
best,726.5559999999999,558.6925,-167.86349999999993,-23.10400024223872
doing,694.4860000000001,526.4549999999999,-168.03100000000018,-24.195016170232396
here,1106.304,937.4000000000001,-168.904,-15.267412935323382
actually,642.586,473.5075,-169.07850000000002,-26.312197900358864
case,805.096,633.2725,-171.82349999999997,-21.341989029879663
ways,625.466,449.99,-175.476,-28.05524201155618
palo,542.11,365.805,-176.305,-32.52199738060541
ix,513.2666666666667,335.06,-178.20666666666665,-34.720093518638784
alto,539.4925,360.26,-179.23249999999996,-33.222426632436964
great,651.614,472.135,-179.47900000000004,-27.543760569907956
like,3108.3740000000003,2926.0125,-182.36150000000043,-5.866781153104498
look,637.906,455.395,-182.51099999999997,-28.610955219107513
idea,583.1940000000001,397.515,-185.6790000000001,-31.838290517392164
four,674.696,488.415,-186.281,-27.60961973985321
little,568.4100000000001,376.4,-192.0100000000001,-33.78019387414016
back,992.936,799.735,-193.20100000000002,-19.45754811991911
years,1845.8200000000002,1647.8875,-197.93250000000012,-10.723282876986927
hard,566.464,367.8425,-198.62150000000008,-35.063393260648525
example,593.592,391.99,-201.60199999999998,-33.963058801331556
number,655.496,453.845,-201.65099999999995,-30.76311678484689
right,1083.4940000000001,879.285,-204.20900000000017,-18.84726634388378
three,1072.3,866.0375,-206.26249999999993,-19.235521775622487
enough,587.126,380.545,-206.58099999999996,-35.18512210326233
made,1242.012,1033.37,-208.64200000000005,-16.798710479447866
life,1408.6399999999999,1199.27,-209.3699999999999,-14.863272376192633
end,784.728,575.14,-209.58799999999997,-26.70836264285204
problem,609.5840000000001,397.27666666666664,-212.30733333333342,-34.82823258703204
outside,643.656,431.085,-212.57099999999997,-33.02556023714531
experience,1108.334,893.6225,-214.71150000000011,-19.372454512809327
down,809.332,594.4875,-214.84450000000004,-26.545904523730684
find,757.858,542.0375,-215.82049999999992,-28.47769634944804
news,696.348,478.5275,-217.82049999999998,-31.280408646251583
often,871.308,653.1875,-218.1205,-25.033684988545957
always,744.864,526.2025,-218.66150000000005,-29.355895841388502
mental,615.788,396.91,-218.878,-35.54437566175372
need,1294.4360000000001,1073.7625,-220.6735000000001,-17.047849410863115
individual,620.604,398.795,-221.80900000000003,-35.74082667852608
really,1772.8619999999999,1547.3925,-225.46949999999993,-12.71782575293508
college,1075.75,849.38,-226.37,-21.042993260515917
important,1033.642,806.845,-226.79700000000003,-21.94154262307453
thing,564.242,334.795,-229.44699999999995,-40.66464389393203
senate,1346.784,1112.7825,-234.00150000000008,-17.374835162876902
order,658.804,418.7975,-240.00649999999996,-36.430637943910476
staff,941.842,701.625,-240.21699999999998,-25.505021012016876
never,800.448,558.04,-242.40800000000002,-30.28404093707524
point,651.0740000000001,403.13,-247.94400000000007,-38.08230708030117
course,915.332,661.86,-253.47199999999998,-27.691810184719863
help,1016.3199999999999,758.3225,-257.99749999999995,-25.385459304156164
part,1272.9540000000002,1006.3325,-266.6215000000002,-20.945100922735634
better,921.0840000000001,652.6724999999999,-268.41150000000016,-29.140827546673282
different,1223.726,946.7175,-277.00850000000014,-22.636480715454287
issue,864.3100000000001,578.105,-286.20500000000004,-33.1136976316368
want,1372.956,1083.7125,-289.2434999999998,-21.067208271787287
go,1003.4739999999999,699.5675,-303.90649999999994,-30.285438387043406
come,1009.576,705.4024999999999,-304.1735000000001,-30.128836263936552
change,1322.382,1018.055,-304.3270000000001,-23.01354676636555
am,692.782,385.955,-306.82700000000006,-44.28911259241725
few,743.87,431.51750000000004,-312.35249999999996,-41.990199900520246
off,794.958,474.345,-320.61299999999994,-40.33080992958118
someone,747.778,425.2575,-322.5205,-43.13051467146667
say,894.958,571.4325,-323.52549999999997,-36.149796973712725
world,1603.47,1279.85,-323.6200000000001,-20.182479248130626
something,1170.412,836.8325,-333.57950000000005,-28.501032115186792
fact,809.516,471.94499999999994,-337.571,-41.70034934454662
county,706.8399999999999,365.62000000000006,-341.21999999999986,-48.27400826212437
out,2931.264,2589.1675,-342.0965000000001,-11.670613769350018
any,1561.106,1217.6325,-343.47350000000006,-22.001933244763652
good,1027.336,680.6175,-346.71850000000006,-33.74927969038367
take,1427.3220000000001,1079.9325,-347.3895000000002,-24.338551497139413
however,1383.374,1027.2725,-356.1015,-25.741520369762622
groups,903.292,546.885,-356.40700000000004,-39.45645483409573
know,1273.158,904.2049999999999,-368.953,-28.979356843376863
two,2000.98,1629.8625,-371.11750000000006,-18.54678707433358
issues,1220.3319999999999,847.25,-373.0819999999999,-30.57217216298515
many,2432.452,2037.8825000000002,-394.56950000000006,-16.221060066139025
group,1344.188,934.85,-409.3380000000001,-30.452436712721738
time,2897.768,2474.0375,-423.7305000000001,-14.622650950662722
things,1124.554,697.5074999999999,-427.04650000000015,-37.974743765083765
think,2099.3959999999997,1666.1675,-433.2284999999997,-20.63586383893271
get,1542.0639999999999,1099.4325000000001,-442.63149999999973,-28.70383460089852
much,1481.232,996.8275,-484.4045,-32.702810903356124
don,1493.318,1008.6650000000001,-484.6529999999999,-32.45477520528112
assault,959.226,432.62,-526.606,-54.89905402897753
make,1955.0040000000001,1417.085,-537.9190000000001,-27.514982066532863
new,2771.784,2222.5975,-549.1865000000003,-19.81346670591937
some,2490.3,1900.8675,-589.4325000000001,-23.669136248644744
well,1680.6580000000001,1056.09,-624.5680000000002,-37.1621115063267
women,1210.27,526.47,-683.8,-56.49978930321333
sexual,1467.0459999999998,626.815,-840.2309999999998,-57.273664220481145
all,4152.454,3279.07,-873.3839999999996,-21.03296026879526
people,4657.264,3707.565,-949.6990000000001,-20.39177937948117
there,3858.0379999999996,2842.1275,-1015.9104999999995,-26.332309324065744
one,4488.338,3431.865,-1056.473,-23.53817827445259
