ngram,pre_freq,post_freq,absolute_change,relative_change,n
tessier lavigne,201.2425,1077.09,875.8474999999999,435.1983205177575,2
honor code,0.0,504.3,504.3,5043000.0,2
petty theft,0.0,496.075,496.075,4960750.0,2
graduate workers,0.0,402.28000000000003,402.28000000000003,4022800.0,2
bicycle between,0.0,292.7775,292.7775,2927774.9999999995,2
creative writing,0.0,279.69,279.69,2796900.0,2
trump administration,82.435,358.0,275.565,334.24100915762017,2
theft of bicycle,0.0,249.59,249.59,2495900.0,3
reached out,70.74,309.8075,239.0675,337.904593639576,2
pro palestine,0.0,234.66,234.66,2346600.0,2
grand theft,0.0,231.08749999999998,231.08749999999998,2310874.9999999995,2
theft between,0.0,194.36,194.36,1943600.0,2
affirmative action,0.0,193.0,193.0,1930000.0,2
motor vehicle,0.0,192.745,192.745,1927450.0,2
information regarding,0.0,184.66500000000002,184.66500000000002,1846650.0,2
israel gaza,0.0,182.51,182.51,1825100.0,2
degree burglary,0.0,177.77,177.77,1777700.0,2
third year,0.0,174.33,174.33,1743300.0,2
president donald,0.0,174.0,174.0,1740000.0,2
date drop,0.0,172.15,172.15,1721500.0,2
year ph,0.0,169.355,169.355,1693550.0,2
second degree,0.0,165.92,165.92,1659200.0,2
bargaining committee,0.0,165.92,165.92,1659200.0,2
international students,0.0,165.51999999999998,165.51999999999998,1655199.9999999995,2
doerr school,0.0,165.08999999999997,165.08999999999997,1650899.9999999995,2
faculty senate,103.035,266.5625,163.5275,158.69523023921587,2
president jonathan,0.0,160.46,160.46,1604600.0,2
higher education,0.0,160.26666666666668,160.26666666666668,1602666.6666666667,2
fourth year,0.0,157.72,157.72,1577200.0,2
school of humanities,25.14,179.57,154.43,614.0357852882704,3
academic freedom,0.0,153.485,153.485,1534850.0000000002,2
oct was reported,0.0,153.18333333333334,153.18333333333334,1531833.3333333335,3
academic integrity,0.0,151.5,151.5,1515000.0,2
out to sudps,0.0,151.3375,151.3375,1513375.0,3
annual grant,0.0,149.42,149.42,1494199.9999999998,2
israel gaza war,0.0,146.96,146.96,1469600.0,3
gaza war,0.0,146.96,146.96,1469600.0,2
vehicle between,0.0,146.4466666666667,146.4466666666667,1464466.6666666667,2
ph student,84.58500000000001,228.4825,143.89749999999998,170.1016608546604,2
federal funding,0.0,143.06,143.06,1430600.0,2
jane stanford way,0.0,140.445,140.445,1404449.9999999998,3
motor vehicle between,0.0,140.41333333333333,140.41333333333333,1404133.3333333333,3
white plaza,68.945,207.45999999999998,138.515,200.87738380102965,2
march was reported,0.0,136.95333333333335,136.95333333333335,1369533.3333333335,3
federal government,0.0,136.16500000000002,136.16500000000002,1361650.0000000002,2
reported at campus,0.0,136.1175,136.1175,1361175.0,3
nov was reported,0.0,135.4,135.4,1354000.0,3
petty theft between,0.0,135.11,135.11,1351100.0000000002,3
student workers,0.0,130.74,130.74,1307400.0,2
electric bicycle,0.0,130.345,130.345,1303450.0,2
jonathan levin,0.0,130.1,130.1,1301000.0,2
provost jenny,0.0,130.04,130.04,1300399.9999999998,2
shopping express,0.0,128.67,128.67,1286699.9999999998,2
workers union,0.0,128.0,128.0,1280000.0,2
richard saller,0.0,128.0,128.0,1280000.0,2
free speech,130.03333333333333,257.3175,127.28416666666666,97.87827134544897,2
jan was reported,0.0,127.28000000000002,127.28000000000002,1272800.0000000002,3
university president,0.0,126.31333333333333,126.31333333333333,1263133.3333333333,2
escondido village,54.45,180.33333333333334,125.88333333333334,231.1482433590403,2
stop genocide,0.0,125.63,125.63,1256300.0,2
took place,0.0,122.44,122.44,1224400.0,2
previous version,0.0,119.16333333333334,119.16333333333334,1191633.3333333335,2
president richard,0.0,118.51,118.51,1185100.0,2
marriage pact,0.0,117.79,117.79,1177900.0,2
reported at escondido,0.0,116.6275,116.6275,1166275.0,3
jenny martinez,0.0,115.79666666666667,115.79666666666667,1157966.6666666665,2
burglary from motor,0.0,115.01333333333334,115.01333333333334,1150133.3333333335,3
data science,0.0,114.14,114.14,1141400.0,2
ph assistant,0.0,113.77,113.77,1137700.0,2
former president,0.0,113.77,113.77,1137700.0,2
ph assistant professor,0.0,113.77,113.77,1137700.0,3
senate ugs,0.0,112.5625,112.5625,1125625.0,2
democracy day,0.0,112.13,112.13,1121300.0,2
bankman fried,0.0,112.07,112.07,1120699.9999999998,2
undergraduate senate ugs,0.0,111.8075,111.8075,1118075.0,3
village graduate,0.0,111.75,111.75,1117500.0,2
lewis weber,0.0,111.75,111.75,1117500.0,2
safety sudps,0.0,111.72000000000001,111.72000000000001,1117200.0000000002,2
social media,103.34,214.585,111.245,107.63909046927915,2
behavioral sciences,0.0,110.2,110.2,1102000.0,2
reported at jane,0.0,110.1275,110.1275,1101275.0,3
graduate student workers,0.0,109.99,109.99,1099900.0,3
writing program,0.0,109.03,109.03,1090300.0,2
professor emeritus,0.0,108.26,108.26,1082600.0,2
rapport wrote,0.0,107.92,107.92,1079200.0,2
graduate residences,0.0,107.89,107.89,1078900.0,2
creative writing program,0.0,106.66,106.66,1066600.0,3
residences building,0.0,105.71,105.71,1057100.0,2
council gsc,0.0,104.93333333333334,104.93333333333334,1049333.3333333335,2
escondido road,0.0,104.64333333333333,104.64333333333333,1046433.3333333333,2
diversity equity,0.0,104.4,104.4,1044000.0,2
electric bicycle between,0.0,104.34333333333332,104.34333333333332,1043433.3333333333,3
blue and white,0.0,104.29,104.29,1042900.0,3
white tent,0.0,104.29,104.29,1042900.0,2
university department,0.0,103.70333333333333,103.70333333333333,1037033.3333333334,2
beyond sex,0.0,102.68,102.68,1026800.0,2
club sports,0.0,102.46,102.46,1024600.0,2
april was reported,0.0,102.08333333333333,102.08333333333333,1020833.3333333333,3
neighborhood system,0.0,101.69,101.69,1016900.0,2
santa teresa,0.0,100.25999999999999,100.25999999999999,1002599.9999999998,2
feb was reported,0.0,100.09666666666668,100.09666666666668,1000966.6666666667,3
elections commission,0.0,99.66,99.66,996600.0,2
medical school,0.0,99.66,99.66,996600.0,2
assistant professor,120.92,220.22499999999997,99.30499999999996,82.11775407260396,2
university president jonathan,0.0,98.28999999999999,98.28999999999999,982899.9999999998,3
green library,0.0,97.18,97.18,971800.0,2
reported on oct,0.0,97.18,97.18,971800.0,3
second degree burglary,0.0,97.115,97.115,971150.0,3
david sengthay,0.0,96.64,96.64,966400.0,2
associate professor,166.42,262.69,96.27000000000001,57.84413867692124,2
campus drive,71.85,167.185,95.33500000000001,132.66768716949628,2
president jonathan levin,0.0,94.81333333333333,94.81333333333333,948133.3333333334,3
viewpoint diversity,0.0,93.62,93.62,936200.0,2
joint resolution,0.0,93.62,93.62,936200.0,2
electric scooter,0.0,93.50999999999999,93.50999999999999,935099.9999999998,2
escondido village graduate,0.0,92.065,92.065,920650.0,3
provost jenny martinez,0.0,91.6275,91.6275,916275.0,3
year ph student,27.54,118.88749999999999,91.3475,331.5698729582577,3
greenhouse gas,0.0,91.31,91.31,913100.0,2
el centro,0.0,91.31,91.31,913100.0,2
undergraduate students,0.0,91.31,91.31,913100.0,2
ugs chair,0.0,90.6,90.6,906000.0,2
gender affirming,0.0,90.6,90.6,906000.0,2
student organizations,0.0,90.6,90.6,906000.0,2
chair david,0.0,90.6,90.6,906000.0,2
ph students,0.0,90.07,90.07,900700.0,2
president richard saller,0.0,89.345,89.345,893450.0,3
theft was reported,0.0,89.24,89.24,892400.0,3
research funding,0.0,88.93,88.93,889300.0,2
hundred block,0.0,88.93,88.93,889300.0,2
graduate residences building,0.0,88.62,88.62,886200.0,3
graduate workers union,0.0,88.31,88.31,883100.0,3
village graduate residences,0.0,88.2,88.2,882000.0,3
dec was reported,0.0,87.6,87.6,876000.0,3
building between,0.0,87.58,87.58,875800.0,2
fossil fuel,71.905,159.15,87.245,121.31683237154974,2
levin said,0.0,87.0,87.0,870000.0,2
global health,0.0,87.0,87.0,870000.0,2
disorderly conduct,0.0,87.0,87.0,870000.0,2
senior fellow,0.0,87.0,87.0,870000.0,2
scooter between,0.0,86.2,86.2,862000.0,2
marc tessier lavigne,71.605,157.72,86.115,120.24715492564404,3
political science,57.47,143.54,86.07,149.73903966597078,2
reported at santa,0.0,85.58999999999999,85.58999999999999,855899.9999999998,3
pro palestinian,0.0,85.06,85.06,850600.0,2
phd professor,0.0,85.06,85.06,850600.0,2
money labor,0.0,85.06,85.06,850600.0,2
chair david sengthay,0.0,84.56,84.56,845600.0,3
joint bill,0.0,84.56,84.56,845600.0,2
electric scooter between,0.0,84.33,84.33,843300.0,3
teresa street,0.0,84.29499999999999,84.29499999999999,842949.9999999998,2
between on oct,0.0,83.99666666666667,83.99666666666667,839966.6666666666,3
graduate student,214.02799999999996,297.63,83.60200000000003,39.059419355441584,2
psychiatry and behavioral,0.0,83.13,83.13,831300.0,3
first amendment,0.0,83.13,83.13,831300.0,2
fifth year,0.0,83.01,83.01,830100.0,2
real world,0.0,81.54,81.54,815400.0000000001,2
student speakers,0.0,81.54,81.54,815400.0000000001,2
said think,0.0,81.35499999999999,81.35499999999999,813549.9999999999,2
clinical assistant professor,0.0,81.2,81.2,812000.0,3
clinical assistant,0.0,81.2,81.2,812000.0,2
phd student,0.0,81.2,81.2,812000.0,2
executive orders,0.0,81.2,81.2,812000.0,2
president donald trump,32.25666666666667,112.67,80.41333333333333,249.21487603305783,3
between on feb,0.0,79.88,79.88,798799.9999999999,3
regarding the report,0.0,79.86,79.86,798600.0,3
between on jan,0.0,79.22999999999999,79.22999999999999,792299.9999999999,3
said according,0.0,78.86,78.86,788600.0,2
fourth year ph,0.0,78.86,78.86,788600.0,3
public safety,83.898,162.69,78.792,93.90284597416218,2
santa teresa street,0.0,78.75333333333333,78.75333333333333,787533.3333333333,3
between on march,0.0,78.66666666666667,78.66666666666667,786666.6666666667,3
one another,0.0,78.52,78.52,785199.9999999999,2
ugs chair david,0.0,78.52,78.52,785199.9999999999,3
jeffrey epstein,0.0,78.52,78.52,785199.9999999999,2
department of justice,0.0,78.52,78.52,785199.9999999999,3
humanities and sciences,31.13,108.13749999999999,77.0075,247.2944765574823,3
rupert murdoch,0.0,76.79,76.79,767900.0000000001,2
judicial charter,0.0,76.79,76.79,767900.0000000001,2
school of sustainability,0.0,76.5375,76.5375,765374.9999999999,3
all other larceny,0.0,76.41499999999999,76.41499999999999,764149.9999999999,3
sept was reported,0.0,75.28,75.28,752800.0,3
marc tessier,82.85666666666667,157.72,74.86333333333333,90.34191472244568,2
third year ph,0.0,74.71,74.71,747099.9999999999,3
search committee,0.0,74.71,74.71,747099.9999999999,2
beyond sex ed,22.49,96.64,74.15,329.5555555555556,3
freedom of speech,0.0,72.64,72.64,726400.0,3
theft of bike,0.0,72.64,72.64,726400.0,3
professor of history,0.0,71.53,71.53,715300.0,3
president marc tessier,61.5475,132.82,71.2725,115.78199244608697,3
saller and martinez,0.0,70.53999999999999,70.53999999999999,705399.9999999999,3
faculty members,67.62,138.115,70.495,104.23628567203902,2
equity and inclusion,0.0,70.12,70.12,701200.0,3
hammerstrom and vargas,0.0,69.46,69.46,694599.9999999999,3
sgwu bargaining committee,0.0,68.74,68.74,687399.9999999999,3
workers union sgwu,0.0,68.74,68.74,687399.9999999999,3
sudps for comment,0.0,68.605,68.605,686050.0,3
graduate student council,69.926,138.49,68.56400000000001,98.03820636010066,3
graduate school,90.73400000000001,158.5025,67.76849999999999,74.6809706426871,2
colleges and universities,0.0,67.67,67.67,676700.0,3
asian american,58.34,125.23499999999999,66.89499999999998,114.64438731790914,2
building petty theft,0.0,65.75666666666666,65.75666666666666,657566.6666666666,3
office of community,0.0,65.32666666666667,65.32666666666667,653266.6666666667,3
academic year,70.9525,135.78,64.8275,91.35458869121014,2
gsc co chair,0.0,64.33,64.33,643300.0,3
campus drive evgr,0.0,64.0,64.0,640000.0,3
theft from building,0.0,63.69,63.69,636900.0,3
gender affirming care,0.0,63.42,63.42,634200.0,3
levin and provost,0.0,61.87,61.87,618700.0,3
levin and martinez,0.0,61.87,61.87,618700.0,3
department of public,71.26,132.785,61.52499999999999,86.32664515223794,3
fossil fuel companies,0.0,61.495000000000005,61.495000000000005,614950.0,3
reported at serra,0.0,61.44333333333333,61.44333333333333,614433.3333333333,3
crime and safety,0.0,61.4125,61.4125,614125.0,3
reporting on crime,0.0,60.82,60.82,608200.0,3
theft of money,0.0,60.19,60.19,601900.0,3
clinical associate professor,0.0,59.93,59.93,599300.0,3
president marc,72.98666666666666,132.82,59.83333333333333,81.96721311475409,2
student council,83.36,142.56,59.2,71.00875614729519,2
public safety sudps,42.4825,101.12,58.6375,137.99494028357947,3
between on dec,0.0,58.345,58.345,583450.0,3
aeronautics and astronautics,0.0,58.11,58.11,581100.0,3
money labor property,0.0,58.0,58.0,580000.0,3
reported at arguello,0.0,57.38,57.38,573800.0,3
university for comment,0.0,57.345,57.345,573450.0,3
sudps bulletin learn,0.0,57.005,57.005,570050.0,3
chen and allen,0.0,56.89,56.89,568900.0,3
law school,127.91666666666667,184.465,56.54833333333333,44.2037104591172,2
between on nov,0.0,56.473333333333336,56.473333333333336,564733.3333333334,3
school of medicine,51.65599999999999,107.19,55.534000000000006,107.48654821352537,3
regrets this error,55.424,110.7975,55.3735,99.89086120431506,3
spokesperson luisa rapport,0.0,55.275000000000006,55.275000000000006,552750.0,3
between on april,0.0,55.13249999999999,55.13249999999999,551324.9999999999,3
student council gsc,43.3675,97.92999999999999,54.56249999999999,125.78525733387124,3
ph candidate,94.21999999999998,148.63,54.41000000000001,57.74169585057839,2
justice in palestine,0.0,54.364999999999995,54.364999999999995,543649.9999999999,3
customs enforcement ice,0.0,54.36,54.36,543600.0,3
reported at galvez,0.0,54.36,54.36,543600.0,3
university spokesperson luisa,0.0,54.24,54.24,542400.0,3
tresidder memorial union,0.0,53.96,53.96,539600.0,3
artificial intelligence ai,0.0,53.36,53.36,533600.0,3
co chair,98.22,150.92,52.69999999999999,53.6495978825206,2
professor of medicine,0.0,52.2,52.2,522000.0,3
legacy and donor,0.0,52.15,52.15,521500.0,3
escondido village studio,0.0,52.15,52.15,521500.0,3
reported at lomita,0.0,52.15,52.15,521500.0,3
vehicle theft between,0.0,52.15,52.15,521500.0,3
honor code violations,0.0,51.88,51.88,518800.0,3
cost of living,0.0,51.42,51.42,514200.0,3
report covers incidents,0.0,50.80500000000001,50.80500000000001,508050.0000000001,3
said the university,0.0,50.63666666666666,50.63666666666666,506366.6666666666,3
rule of law,0.0,50.27,50.27,502700.0,3
synergy and terra,0.0,50.27,50.27,502700.0,3
phd associate professor,0.0,50.27,50.27,502700.0,3
saller and provost,0.0,50.235,50.235,502350.0,3
ugs co chair,0.0,50.025000000000006,50.025000000000006,500250.0000000001,3
university spokesperson,73.925,123.89,49.965,67.57963075674579,2
community standards ocs,0.0,49.05,49.05,490500.0,3
professor graduate school,0.0,48.33,48.33,483300.0,3
escondido village building,0.0,48.32,48.32,483200.0,3
reported at mayfield,0.0,48.32,48.32,483200.0,3
incident was cleared,0.0,48.32,48.32,483200.0,3
immigration and customs,0.0,48.32,48.32,483200.0,3
protected identity harm,0.0,47.73,47.73,477300.0,3
according to university,0.0,47.73,47.73,477300.0,3
fifth year ph,0.0,47.73,47.73,477300.0,3
human rights,98.184,145.82999999999998,47.64599999999999,48.52231297227935,2
reported at olmsted,0.0,47.41,47.41,474100.0,3
pro palestine encampment,0.0,47.41,47.41,474100.0,3
drive evgr building,0.0,47.41,47.41,474100.0,3
motor vehicle theft,0.0,47.41,47.41,474100.0,3
second year ph,0.0,47.41,47.41,474100.0,3
presidential search committee,0.0,47.41,47.41,474100.0,3
theft and all,0.0,46.695,46.695,466950.0,3
vandalism of less,0.0,46.565,46.565,465650.0,3
political science professor,0.0,46.51666666666667,46.51666666666667,465166.6666666667,3
civil and environmental,0.0,46.4,46.4,464000.0,3
professor of physics,0.0,46.4,46.4,464000.0,3
some students,74.41,120.785,46.375,62.31523783929052,2
civil rights,66.545,112.725,46.17999999999999,69.38622192171886,2
reported at lasuen,0.0,45.849999999999994,45.849999999999994,458499.9999999999,3
faculty senate meeting,0.0,45.66,45.66,456600.0,3
student activities fee,0.0,45.3,45.3,453000.0,3
cleared by arrest,0.0,45.3,45.3,453000.0,3
year ph candidate,0.0,44.535,44.535,445350.0,3
program in writing,0.0,44.47,44.47,444700.0,3
bicycle was reported,0.0,43.58,43.58,435800.0,3
spokesperson dee mostofi,0.0,43.58,43.58,435800.0,3
chemistry ph student,0.0,43.58,43.58,435800.0,3
graduate students,244.06,287.2925,43.232500000000016,17.713156061785558,2
bridge peer counseling,0.0,42.53,42.53,425300.0,3
writing and rhetoric,0.0,42.53,42.53,425300.0,3
reported at via,0.0,42.28,42.28,422800.0,3
passed the joint,0.0,42.28,42.28,422800.0,3
street escondido village,0.0,42.28,42.28,422800.0,3
students for justice,0.0,42.28,42.28,422800.0,3
serra street escondido,0.0,42.28,42.28,422800.0,3
sixth year ph,0.0,42.28,42.28,422800.0,3
residential education resed,0.0,42.28,42.28,422800.0,3
association of university,0.0,42.28,42.28,422800.0,3
year chemistry ph,0.0,41.51,41.51,415100.0,3
year phd student,0.0,41.51,41.51,415100.0,3
greenhouse gas removal,0.0,41.51,41.51,415100.0,3
dr tessier lavigne,0.0,41.51,41.51,415100.0,3
code in place,0.0,41.51,41.51,415100.0,3
vice president,93.124,133.0225,39.89850000000001,42.83988661498487,2
fossil fuel funding,0.0,39.43,39.43,394300.0,3
university spokesperson dee,0.0,39.43,39.43,394300.0,3
between on sept,0.0,39.43,39.43,394300.0,3
murdoch and mercer,0.0,39.43,39.43,394300.0,3
tessier lavigne lab,0.0,39.43,39.43,394300.0,3
regrets the error,0.0,39.43,39.43,394300.0,3
student safety report,0.0,39.26,39.26,392599.99999999994,3
room and board,0.0,39.26,39.26,392599.99999999994,3
university of pennsylvania,0.0,39.26,39.26,392599.99999999994,3
respond to request,0.0,37.36,37.36,373600.0,3
due to fear,0.0,37.36,37.36,373600.0,3
half moon bay,0.0,37.36,37.36,373600.0,3
president tessier lavigne,0.0,37.36,37.36,373600.0,3
vehicle was reported,0.0,37.36,37.36,373600.0,3
faculty and students,23.22,60.18,36.96,159.10460611278518,3
science and engineering,23.206666666666667,59.93,36.72333333333333,158.17659727207462,3
school of education,34.712,71.3825,36.67049999999999,105.61171591498181,3
university professors aaup,0.0,36.24,36.24,362400.0,3
court escondido village,0.0,36.24,36.24,362400.0,3
community members,103.81333333333333,139.7975,35.98416666666668,34.65903618326004,2
undergraduate senate,139.018,174.6475,35.62950000000001,25.627571424461266,2
south africa,54.45,90.07,35.61999999999999,65.40580242379727,2
donald trump,129.47666666666666,164.84,35.363333333333344,27.310405189723536,2
working group,68.66,102.68,34.02000000000001,49.541284403669735,2
students and faculty,45.138,78.86,33.722,74.69212368211218,3
across the country,51.343999999999994,85.05250000000001,33.708500000000015,65.63948280562374,3
winter quarter,62.080000000000005,95.46,33.37999999999999,53.760669995168286,2
bay area,112.546,145.7875,33.24149999999999,29.533298980063243,2
said there,65.2,97.06,31.86,48.85753718754792,2
vice provost,133.41799999999998,165.24,31.82200000000003,23.849566807566656,2
school of business,44.888,76.02,31.131999999999998,69.33939150964409,3
professor of law,30.07,59.93,29.86,99.26861702127658,3
board of trustees,70.136,99.93,29.79400000000001,42.474267955407306,3
department of education,41.9,71.53,29.630000000000003,70.69911715581007,3
report covers selection,31.672000000000004,59.870000000000005,28.198,89.00321949371882,3
selection of incidents,31.672000000000004,59.870000000000005,28.198,89.00321949371882,3
wrote in statement,48.005,75.735,27.729999999999997,57.75278558783713,3
emphasized the importance,31.27333333333333,58.85,27.57666666666667,88.15130527437402,3
hoover institution,89.37,116.22,26.849999999999994,30.04027746699484,2
feel like,103.674,130.245,26.570999999999998,25.62690482620269,2
students on campus,25.75,51.88,26.130000000000003,101.43633540372672,3
safety sudps bulletin,31.336666666666662,57.005,25.66833333333334,81.88536792854107,3
santa clara county,86.312,110.5325,24.2205,28.058316535761453,3
university of california,38.623333333333335,62.537499999999994,23.91416666666666,61.90034512510783,3
many students,79.935,103.3625,23.427499999999995,29.3045218587779,2
first year,88.125,111.1225,22.997500000000002,26.09349293697169,2
freeman spogli institute,32.465,54.855000000000004,22.39,68.94534257120863,3
school of engineering,35.78,58.0,22.22,62.084381112042465,3
felt like,59.55,81.2,21.650000000000006,36.34989926124918,2
white house,74.42,94.73,20.310000000000002,27.28738411930673,2
updated to reflect,41.36,59.93,18.57,44.88759970993474,3
supreme court,102.548,120.16250000000001,17.614500000000007,17.175159421985615,2
make sure,88.35,105.95666666666666,17.60666666666667,19.926060057341182,2
san francisco,104.968,118.155,13.186999999999998,12.56167959000933,2
request for comment,41.37,54.25,12.880000000000003,31.12614789753505,3
secretary of state,27.5925,40.355000000000004,12.762500000000003,46.23675391721765,3
editor in chief,35.4,47.73,12.329999999999998,34.820672126517934,3
tessier lavigne said,32.33,43.58,11.25,34.786641929499076,3
artificial intelligence,99.1,109.61333333333334,10.51333333333335,10.607742239262787,2
faculty and staff,46.384,56.805,10.421,22.461956287450963,3
financial aid,113.048,123.25,10.201999999999998,9.023686957137041,2
lot of people,52.081999999999994,62.096666666666664,10.01466666666667,19.224960966495185,3
sexual violence,108.27799999999999,118.13499999999999,9.857,9.102578309692671,2
associated students,90.42,100.095,9.674999999999997,10.698883114010833,2
dining enterprises de,40.765,50.27,9.505000000000003,23.310852237890874,3
right now,103.25399999999999,112.70666666666666,9.452666666666673,9.153883896291712,2
want to make,32.3125,41.51,9.197499999999998,28.455410317890014,3
santa clara,131.21,139.1175,7.907499999999999,6.026139308032311,2
undergraduate and graduate,39.49666666666666,46.5,7.003333333333337,17.7269659129261,3
bike was stolen,93.892,99.62,5.728000000000009,6.099976571319044,3
york times,79.485,84.56,5.075000000000003,6.384049311277443,2
sigma chi,87.33,90.6,3.269999999999996,3.7439890084726315,2
there are many,34.274,37.36,3.0859999999999985,9.001283397503204,3
next year,82.92,84.56,1.6400000000000006,1.9775714457976612,2
long term,97.94000000000001,99.5175,1.5774999999999864,1.6105155691679287,2
off campus,79.16,76.79,-2.3699999999999903,-2.993558165971947,2
provost for student,41.85,39.26,-2.5900000000000034,-6.187290969899674,3
silicon valley,136.776,133.575,-3.201000000000022,-2.3401517699179903,2
university assu,99.1,95.685,-3.414999999999992,-3.4456664312380108,2
constitutional council,83.81,78.86,-4.950000000000003,-5.905511811023625,2
first time,113.224,107.8725,-5.3515000000000015,-4.726054012045853,2
many people,88.732,83.13,-5.602000000000004,-6.312681706520028,2
health care,84.94000000000001,78.86,-6.0800000000000125,-7.157151265450278,2
two years,96.5,89.175,-7.325000000000003,-7.5898870583359255,2
clara county,118.16666666666667,110.5325,-7.6341666666666725,-6.45996107522636,2
computer science,172.436,164.5375,-7.898500000000013,-4.580274404741202,2
new york times,74.24600000000001,63.85,-10.396000000000008,-14.000215470803715,3
editorial board,87.6,74.71,-12.89,-14.712932313662824,2
around the world,74.274,60.98666666666666,-13.287333333333343,-17.887207653509964,3
last year,228.026,213.21,-14.816000000000003,-6.497219737234474,2
last week,116.112,95.34,-20.77199999999999,-17.888083222817375,2
alcohol transports reported,21.31,0.0,-21.31,-99.95309568480299,3
transports reported between,21.31,0.0,-21.31,-99.95309568480299,3
assu vice president,21.31,0.0,-21.31,-99.95309568480299,3
freedom of expression,22.01,0.0,-22.01,-99.95458673932788,3
despite the fact,22.01,0.0,-22.01,-99.95458673932788,3
spokeswoman lisa lapin,22.01,0.0,-22.01,-99.95458673932788,3
contact skylar cohen,22.01,0.0,-22.01,-99.95458673932788,3
contact winston shi,22.01,0.0,-22.01,-99.95458673932788,3
question of whether,22.01,0.0,-22.01,-99.95458673932788,3
day period between,22.01,0.0,-22.01,-99.95458673932788,3
building sometime between,22.01,0.0,-22.01,-99.95458673932788,3
chi theta chi,22.49,0.0,-22.49,-99.95555555555555,3
contact terence zhao,22.49,0.0,-22.49,-99.95555555555555,3
low income partnership,22.49,0.0,-22.49,-99.95555555555555,3
president john lancaster,22.49,0.0,-22.49,-99.95555555555555,3
unknown suspect stole,22.845,0.0,-22.845,-99.95624589805293,3
force on sexual,23.17,0.0,-23.17,-99.95685936151855,3
hall sometime between,23.17,0.0,-23.17,-99.95685936151855,3
individual reportedly locked,23.17,0.0,-23.17,-99.95685936151855,3
contact jeremy quach,23.17,0.0,-23.17,-99.95685936151855,3
condensed and edited,23.17,0.0,-23.17,-99.95685936151855,3
contact ada throckmorton,23.17,0.0,-23.17,-99.95685936151855,3
there are some,23.17,0.0,-23.17,-99.95685936151855,3
cohen at skylarc,23.17,0.0,-23.17,-99.95685936151855,3
contact catherine zaw,23.17,0.0,-23.17,-99.95685936151855,3
said we want,23.17,0.0,-23.17,-99.95685936151855,3
assu undergraduate senate,23.395,0.0,-23.395,-99.95727408673359,3
number of students,23.62,0.0,-23.62,-99.95768091409225,3
new alcohol policy,23.68,0.0,-23.68,-99.95778809624314,3
teaching us wtu,23.68,0.0,-23.68,-99.95778809624314,3
senate chair shanta,23.95,0.0,-23.95,-99.95826377295491,3
criminal justice system,23.95,0.0,-23.95,-99.95826377295491,3
luther king jr,23.95,0.0,-23.95,-99.95826377295491,3
provost persis drell,84.20333333333333,60.18,-24.023333333333333,-28.526757441418617,3
contact sean chen,24.32,0.0,-24.32,-99.95889847924373,3
mental health issues,24.32,0.0,-24.32,-99.95889847924373,3
anderson at mysia,24.33,0.0,-24.33,-99.95891536565324,3
like to see,24.33,0.0,-24.33,-99.95891536565324,3
point of view,24.33,0.0,-24.33,-99.95891536565324,3
contact michael gioia,24.33,0.0,-24.33,-99.95891536565324,3
bike rack outside,24.33,0.0,-24.33,-99.95891536565324,3
contact mysia anderson,24.33,0.0,-24.33,-99.95891536565324,3
quach at jquach,24.33,0.0,-24.33,-99.95891536565324,3
student affairs,108.33,83.99,-24.340000000000003,-22.466309765552893,2
high school students,24.509999999999998,0.0,-24.509999999999998,-99.95921696574224,3
pan at capan,24.86,0.0,-24.86,-99.95979091274627,3
contact ariel liu,24.86,0.0,-24.86,-99.95979091274627,3
locker room talk,24.86,0.0,-24.86,-99.95979091274627,3
safety bulletin contact,24.86,0.0,-24.86,-99.95979091274627,3
near the block,25.14,0.0,-25.14,-99.96023856858847,3
campus drive near,25.14,0.0,-25.14,-99.96023856858847,3
su prison divest,25.14,0.0,-25.14,-99.96023856858847,3
agbonile at adesuwaa,25.42,0.0,-25.42,-99.96067636649626,3
want to get,25.42,0.0,-25.42,-99.96067636649626,3
lavigne and provost,25.42,0.0,-25.42,-99.96067636649626,3
trying to figure,25.48,0.0,-25.48,-99.96076892899175,3
arrested for public,25.48,0.0,-25.48,-99.96076892899175,3
two years ago,25.606666666666666,0.0,-25.606666666666666,-99.96096291476903,3
between the two,25.615,0.0,-25.615,-99.96097560975609,3
throckmorton at adastat,25.759999999999998,0.0,-25.759999999999998,-99.96119518820333,3
contact courtney douglas,25.880000000000003,0.0,-25.880000000000003,-99.96137504828118,3
possession of marijuana,26.04,0.0,-26.04,-99.96161228406909,3
board of directors,26.04,0.0,-26.04,-99.96161228406909,3
groups on campus,26.295,0.0,-26.295,-99.96198441360957,3
sudps bulletin tuesday,26.335,0.0,-26.335,-99.9620421332321,3
title ix cases,26.34,0.0,-26.34,-99.96204933586337,3
sexual assault cases,26.34,0.0,-26.34,-99.96204933586337,3
trying to get,26.34,0.0,-26.34,-99.96204933586337,3
meal plan dollars,26.34,0.0,-26.34,-99.96204933586337,3
chair shanta katipamula,26.34,0.0,-26.34,-99.96204933586337,3
edu on wednesday,26.53,0.0,-26.53,-99.96232102486812,3
enough is enough,26.53,0.0,-26.53,-99.96232102486812,3
title ix coordinator,26.53,0.0,-26.53,-99.96232102486812,3
said he believes,26.53,0.0,-26.53,-99.96232102486812,3
all the time,26.61,0.0,-26.61,-99.96243425995492,3
premutico at samprem,26.64,0.0,-26.64,-99.9624765478424,3
contact sam premutico,26.64,0.0,-26.64,-99.9624765478424,3
group of people,26.64,0.0,-26.64,-99.9624765478424,3
student body,160.324,133.4725,-26.851500000000016,-16.747227662255053,2
edited and condensed,26.939999999999998,0.0,-26.939999999999998,-99.96289424860852,3
contact jacob nierenberg,27.23,0.0,-27.23,-99.9632892804699,3
against anti semitism,27.23,0.0,-27.23,-99.9632892804699,3
fossil fuel divestment,27.515,0.0,-27.515,-99.9636693914623,3
david palumbo liu,27.53,0.0,-27.53,-99.96368917937545,3
regrets these errors,27.53,0.0,-27.53,-99.96368917937545,3
contact leily rezvani,27.53,0.0,-27.53,-99.96368917937545,3
queens college cuny,27.54,0.0,-27.54,-99.96370235934664,3
english queens college,27.54,0.0,-27.54,-99.96370235934664,3
vaden health center,27.58,0.0,-27.58,-99.96375498368974,3
samrai at ysamrai,27.63,0.0,-27.63,-99.96382054992765,3
tsai at aotsai,27.63,0.0,-27.63,-99.96382054992765,3
contact alex tsai,27.63,0.0,-27.63,-99.96382054992765,3
chen at kxsean,27.63,0.0,-27.63,-99.96382054992765,3
there are lot,27.81,0.0,-27.81,-99.96405463695183,3
period of time,28.41,0.0,-28.41,-99.96481351161154,3
want to see,28.41,0.0,-28.41,-99.96481351161154,3
generation low income,28.41,0.0,-28.41,-99.96481351161154,3
first generation low,28.41,0.0,-28.41,-99.96481351161154,3
chinese railroad workers,28.63,0.0,-28.63,-99.96508379888269,3
rezvani at lrezvani,28.63,0.0,-28.63,-99.96508379888269,3
contact cooper veit,28.63,0.0,-28.63,-99.96508379888269,3
told stanford medicine,28.63,0.0,-28.63,-99.96508379888269,3
workers rights coalition,28.63,0.0,-28.63,-99.96508379888269,3
sudps bulletin contact,28.73,0.0,-28.73,-99.9652052887961,3
martin luther king,28.73,0.0,-28.73,-99.9652052887961,3
rizkalla at amariz,28.73,0.0,-28.73,-99.9652052887961,3
bulletin contact sophie,28.73,0.0,-28.73,-99.9652052887961,3
article incorrectly stated,28.74,0.0,-28.74,-99.96521739130434,3
earlier this year,28.795,0.0,-28.795,-99.96528380489498,3
edu this report,28.869999999999997,0.0,-28.869999999999997,-99.96537396121883,3
group of students,28.96,0.0,-28.96,-99.96548153261995,3
out of occupied,28.96,0.0,-28.96,-99.96548153261995,3
title ix investigation,28.96,0.0,-28.96,-99.96548153261995,3
updated to include,29.240000000000002,0.0,-29.240000000000002,-99.96581196581195,3
men and women,29.5,0.0,-29.5,-99.9661131819722,3
along the way,29.6,0.0,-29.6,-99.96622762580209,3
campus workers rights,29.73,0.0,-29.73,-99.9663752521856,3
school of earth,29.73,0.0,-29.73,-99.9663752521856,3
faculty senate committee,29.73,0.0,-29.73,-99.9663752521856,3
university president marc,29.78,0.0,-29.78,-99.96643168848607,3
associate vice provost,29.84,0.0,-29.84,-99.96649916247907,3
residential dining enterprises,29.895,0.0,-29.895,-99.96656077578999,3
dear colleague letter,29.93,0.0,-29.93,-99.96659986639946,3
department of english,29.93,0.0,-29.93,-99.96659986639946,3
contact gillian brassil,29.93,0.0,-29.93,-99.96659986639946,3
contact amanda rizkalla,29.93,0.0,-29.93,-99.96659986639946,3
requests for comment,30.345,0.0,-30.345,-99.96705649810575,3
counseling and psychological,30.736666666666668,0.0,-30.736666666666668,-99.96747614917606,3
green new deal,30.83,0.0,-30.83,-99.96757457846952,3
spokesperson bill larson,30.83,0.0,-30.83,-99.96757457846952,3
palo alto city,30.83,0.0,-30.83,-99.96757457846952,3
contact erin woo,30.95,0.0,-30.95,-99.96770025839793,3
complaint was made,30.95,0.0,-30.95,-99.96770025839793,3
edu on tuesday,30.95,0.0,-30.95,-99.96770025839793,3
contact lily zheng,31.080000000000002,0.0,-31.080000000000002,-99.96783531682213,3
assistant professor department,31.13,0.0,-31.13,-99.9678869621066,3
brassil at gbrassil,31.13,0.0,-31.13,-99.9678869621066,3
stolen from bike,31.28,0.0,-31.28,-99.96804090763823,3
veit at cveit,31.93,0.0,-31.93,-99.96869129618034,3
contact elena shao,31.93,0.0,-31.93,-99.96869129618034,3
judge aaron persky,32.06,0.0,-32.06,-99.96881821016527,3
arrested for driving,32.06,0.0,-32.06,-99.96881821016527,3
minor in possession,32.32333333333333,0.0,-32.32333333333333,-99.96907216494846,3
around the country,32.44,0.0,-32.44,-99.96918335901387,3
cable locked bike,32.51333333333333,0.0,-32.51333333333333,-99.96925284411192,3
released for driving,32.785,0.0,-32.785,-99.96950754688216,3
contact blanca andrei,33.15,0.0,-33.15,-99.96984318455972,3
tax return using,33.15,0.0,-33.15,-99.96984318455972,3
fraudulent tax return,33.15,0.0,-33.15,-99.96984318455972,3
andrei at bandrei,33.15,0.0,-33.15,-99.96984318455972,3
information the incident,33.15,0.0,-33.15,-99.96984318455972,3
filed fraudulent tax,33.15,0.0,-33.15,-99.96984318455972,3
unknown suspect filed,33.15,0.0,-33.15,-99.96984318455972,3
suspect filed fraudulent,33.15,0.0,-33.15,-99.96984318455972,3
el camino real,33.166666666666664,0.0,-33.166666666666664,-99.9698583341706,3
one alcohol transport,33.52,0.0,-33.52,-99.97017596182523,3
cs social good,33.52,0.0,-33.52,-99.97017596182523,3
possession of alcohol,33.78,0.0,-33.78,-99.97040544539804,3
new york,159.126,125.03999999999999,-34.08600000000001,-21.419414840136746,2
sexual assault prevention,34.33,0.0,-34.33,-99.97087944088527,3
definition of sexual,34.33,0.0,-34.33,-99.97087944088527,3
years ago,121.082,86.69,-34.391999999999996,-28.401545932018628,2
car and stole,34.72,0.0,-34.72,-99.97120644975526,3
department of history,34.72,0.0,-34.72,-99.97120644975526,3
affordability task force,35.24,0.0,-35.24,-99.97163120567376,3
use permit gup,35.24,0.0,-35.24,-99.97163120567376,3
woo at erinkwoo,35.30500000000001,0.0,-35.30500000000001,-99.97168342064279,3
between and bike,35.315,0.0,-35.315,-99.9716914366596,3
western civilization requirement,35.52,0.0,-35.52,-99.97185477061639,3
driving without license,35.59,0.0,-35.59,-99.97191011235955,3
climate change,180.07,144.35333333333332,-35.71666666666667,-19.83377758033467,2
diversity and inclusion,35.84,0.0,-35.84,-99.9721059972106,3
residential and dining,36.34,0.0,-36.34,-99.97248968363137,3
students with disabilities,36.34,0.0,-36.34,-99.97248968363137,3
contact sophie regan,36.68,0.0,-36.68,-99.97274461706186,3
black lives matter,36.73,0.0,-36.73,-99.97278170930866,3
reportedly locked bike,37.07,0.0,-37.07,-99.9730312837109,3
shah at minashah,37.07,0.0,-37.07,-99.9730312837109,3
contact mina shah,37.07,0.0,-37.07,-99.9730312837109,3
associate professor department,37.12,0.0,-37.12,-99.97306760032319,3
resx task force,37.44,0.0,-37.44,-99.97329773030708,3
declined to comment,37.44,0.0,-37.44,-99.97329773030708,3
psychological services caps,37.44,0.0,-37.44,-99.97329773030708,3
college admissions scandal,37.44,0.0,-37.44,-99.97329773030708,3
college republicans scr,38.07,0.0,-38.07,-99.97373949579831,3
individual reportedly cable,38.23,0.0,-38.23,-99.97384937238493,3
unknown suspect smashed,38.31,0.0,-38.31,-99.97390396659708,3
contact charlie curnin,38.54,0.0,-38.54,-99.97405966277562,3
contact julia ingram,38.61,0.0,-38.61,-99.97410668047644,3
there was one,39.51,0.0,-39.51,-99.9746963562753,3
disability community center,39.64,0.0,-39.64,-99.97477931904162,3
curnin at ccurnin,40.74,0.0,-40.74,-99.97546012269939,3
kimiko and bryce,41.84,0.0,-41.84,-99.97610513739546,3
contact caleb smith,42.62,0.0,-42.62,-99.97654234107436,3
reportedly cable locked,42.86,0.0,-42.86,-99.9766736645673,3
san jose main,42.86,0.0,-42.86,-99.9766736645673,3
jose main jail,42.86,0.0,-42.86,-99.9766736645673,3
john lancaster finley,43.265,0.0,-43.265,-99.97689196995957,3
range planning process,43.935,0.0,-43.935,-99.977244282626,3
contact hannah knowles,44.025,0.0,-44.025,-99.97729079141592,3
edu this article,44.05,0.0,-44.05,-99.97730367680437,3
provost john etchemendy,44.515,0.0,-44.515,-99.97754070746771,3
suspect or suspects,44.89,0.0,-44.89,-99.97772828507796,3
brubaker cole wrote,45.15,0.0,-45.15,-99.97785651018602,3
contact brian contreras,45.32,0.0,-45.32,-99.977939554379,3
high school,199.02,153.59,-45.43000000000001,-22.825704667638046,2
title ix process,46.56,0.0,-46.56,-99.97852694867942,3
east palo alto,46.668,0.0,-46.668,-99.97857663138953,3
students of color,46.7475,0.0,-46.7475,-99.97861305672888,3
university spokesperson miranda,46.89,0.0,-46.89,-99.97867803837953,3
cited for driving,47.35,0.0,-47.35,-99.97888513513514,3
knowles at hknowles,47.605,0.0,-47.605,-99.97899821484827,3
window of car,47.89,0.0,-47.89,-99.97912317327766,3
people of color,48.019999999999996,0.0,-48.019999999999996,-99.97917967936706,3
title ix office,49.0075,0.0,-49.0075,-99.97959912276228,3
ingram at jmingram,49.09,0.0,-49.09,-99.979633401222,3
public safety bulletin,50.254999999999995,0.0,-50.254999999999995,-99.98010544116185,3
president john hennessy,50.370000000000005,0.0,-50.370000000000005,-99.98015085351331,3
student affairs susie,51.265,0.0,-51.265,-99.98049731838128,3
affairs susie brubaker,51.265,0.0,-51.265,-99.98049731838128,3
told stanford news,51.526666666666664,0.0,-51.526666666666664,-99.980596339176,3
board of supervisors,51.75,0.0,-51.75,-99.9806800618238,3
general use permit,52.394999999999996,0.0,-52.394999999999996,-99.98091785135007,3
between and someone,52.68,0.0,-52.68,-99.98102106661607,3
contact fangzhou liu,53.27,0.0,-53.27,-99.98123123123123,3
associate dean,55.07,0.0,-55.07,-99.98184458968773,2
campus climate survey,56.57333333333333,0.0,-56.57333333333333,-99.98232695139913,3
lives matter,56.76,0.0,-56.76,-99.98238506253303,2
difference between,56.76,0.0,-56.76,-99.98238506253303,2
past year,56.82,0.0,-56.82,-99.98240366003871,2
black women,57.92,0.0,-57.92,-99.9827377869843,2
few weeks,58.01,0.0,-58.01,-99.98276456394348,2
individual was arrested,59.004999999999995,0.0,-59.004999999999995,-99.98305515546895,3
safety bulletin,59.08,0.0,-59.08,-99.98307666271789,2
social impact,59.08,0.0,-59.08,-99.98307666271789,2
five years,59.08,0.0,-59.08,-99.98307666271789,2
one thing,59.125,0.0,-59.125,-99.98308954088104,2
fangzhou liu,59.19,0.0,-59.19,-99.98310810810811,2
eating disorders,60.24,0.0,-60.24,-99.98340248962656,2
around campus,60.24,0.0,-60.24,-99.98340248962656,2
middle class,60.24,0.0,-60.24,-99.98340248962656,2
few years,60.28,0.0,-60.28,-99.98341350140986,2
leave of absence,60.68,0.0,-60.68,-99.98352282089307,3
african americans,61.06,0.0,-61.06,-99.98362534796136,2
sudps bulletin,61.06,0.0,-61.06,-99.98362534796136,2
low income students,61.166666666666664,0.0,-61.166666666666664,-99.9836538985452,3
college campuses,61.4,0.0,-61.4,-99.98371600716496,2
design thinking,61.4,0.0,-61.4,-99.98371600716496,2
john hennessy,61.56,0.0,-61.56,-99.98375832385904,2
theta chi,61.56,0.0,-61.56,-99.98375832385904,2
haas center,62.26,0.0,-62.26,-99.98394090252128,2
every year,62.55,0.0,-62.55,-99.98401534526855,2
every day,62.665,0.0,-62.665,-99.98404467491025,2
pointed out,62.74,0.0,-62.74,-99.98406374501992,2
machine learning,63.01,0.0,-63.01,-99.98413202158045,2
all students,63.29666666666666,0.0,-63.29666666666666,-99.98420387531593,2
bike rack,63.71,0.0,-63.71,-99.98430634023855,2
fundamental standard,64.11,0.0,-64.11,-99.98440424204615,2
united states,261.864,197.72,-64.14399999999998,-24.49422241230515,2
someone was cited,64.19666666666666,0.0,-64.19666666666666,-99.98442529332362,3
college students,64.345,0.0,-64.345,-99.98446119182658,2
susie brubaker cole,65.055,0.0,-65.055,-99.98463075386151,3
contact holden foreman,65.065,0.0,-65.065,-99.9846331156358,3
full moon,65.11,0.0,-65.11,-99.98464373464373,2
little bit,65.325,0.0,-65.325,-99.98469426800337,2
individual was cited,65.71,0.0,-65.71,-99.98478393183201,3
office hours,65.85,0.0,-65.85,-99.98481627695111,2
spokesperson miranda,66.07,0.0,-66.07,-99.98486682808716,2
contact hannah,66.3,0.0,-66.3,-99.98491931835318,2
miranda wrote,66.32,0.0,-66.32,-99.98492386552087,2
robert spencer,67.05,0.0,-67.05,-99.98508798091261,2
law enforcement,67.19,0.0,-67.19,-99.98511904761904,2
national security,67.47,0.0,-67.47,-99.98518079430941,2
freshman year,68.07000000000001,0.0,-68.07000000000001,-99.98531139835487,2
dining enterprises,68.27,0.0,-68.27,-99.98535442296426,2
middle east,68.35,0.0,-68.35,-99.98537156231714,2
black lives,68.35,0.0,-68.35,-99.98537156231714,2
don want,68.505,0.0,-68.505,-99.98540465591475,2
student group,69.20666666666666,0.0,-69.20666666666666,-99.98555261256922,2
affairs susie,69.37,0.0,-69.37,-99.98558662438742,2
dining hall,69.41,0.0,-69.41,-99.98559492941514,2
mental illness,69.64,0.0,-69.64,-99.98564249820531,2
student athletes,69.64,0.0,-69.64,-99.98564249820531,2
palumbo liu,69.64,0.0,-69.64,-99.98564249820531,2
year old,70.12,0.0,-70.12,-99.98574076714672,2
housing units,70.47,0.0,-70.47,-99.98581157775254,2
campus workers,70.47,0.0,-70.47,-99.98581157775254,2
school year,70.6925,0.0,-70.6925,-99.98585622856334,2
president john,71.47999999999999,0.0,-71.47999999999999,-99.98601202965449,2
first generation,72.055,0.0,-72.055,-99.98612363838201,2
service workers,72.68,0.0,-72.68,-99.98624294951162,2
three years,73.36,0.0,-73.36,-99.98637045113806,2
east palo,74.06,0.0,-74.06,-99.98649925745914,2
individual reportedly,74.14,0.0,-74.14,-99.98651382333108,2
cited and released,74.49666666666667,0.0,-74.49666666666667,-99.98657838224767,3
gmail com,74.7025,0.0,-74.7025,-99.98661535887568,2
co director,74.88,0.0,-74.88,-99.98664708238749,2
between and vehicle,74.88,0.0,-74.88,-99.98664708238749,3
first place,75.3,0.0,-75.3,-99.98672155092284,2
san jose,76.45,0.0,-76.45,-99.98692126602144,2
president trump,76.63,0.0,-76.63,-99.98695198329854,2
school district,77.08,0.0,-77.08,-99.98702814891685,2
someone was arrested,77.37,0.0,-77.37,-99.98707676402171,3
income students,77.43,0.0,-77.43,-99.9870867768595,2
greek life,77.58,0.0,-77.58,-99.98711174120376,2
incident occurred,78.13,0.0,-78.13,-99.98720245712822,2
long range planning,79.27666666666666,0.0,-79.27666666666666,-99.98738753888841,3
contact holden,79.28,0.0,-79.28,-99.98738806911336,2
bernie sanders,79.32,0.0,-79.32,-99.98739442833731,2
sexual harassment,79.81,0.0,-79.81,-99.98747181157604,2
said contact,80.02000000000001,0.0,-80.02000000000001,-99.98750468574285,2
professor of english,80.22,0.0,-80.22,-99.98753583447588,3
dining halls,80.31,0.0,-80.31,-99.9875498007968,2
college admissions,80.39,0.0,-80.39,-99.98756218905473,2
holden foreman,80.515,0.0,-80.515,-99.98758149642968,2
locked bike,81.32499999999999,0.0,-81.32499999999999,-99.98770516997601,2
don think,81.73400000000001,0.0,-81.73400000000001,-99.98776668623996,2
staff members,81.8,0.0,-81.8,-99.98777655543331,2
anti semitic,82.59,0.0,-82.59,-99.98789346246973,2
provost persis,84.20333333333333,0.0,-84.20333333333333,-99.98812539582013,2
stolen from outside,84.42500000000001,0.0,-84.42500000000001,-99.9881565701427,3
ix office,85.11,0.0,-85.11,-99.98825187969925,2
fossil fuels,85.72,0.0,-85.72,-99.98833547183015,2
susie brubaker,85.89,0.0,-85.89,-99.988358556461,2
vehicle parked,85.89,0.0,-85.89,-99.988358556461,2
native american,86.065,0.0,-86.065,-99.98838222480394,2
public service,86.2,0.0,-86.2,-99.98840041758497,2
campus climate,88.16499999999999,0.0,-88.16499999999999,-99.98865891692657,2
fossil free,88.41,0.0,-88.41,-99.98869034155167,2
don know,89.022,0.0,-89.022,-99.98876808338575,2
title ix,231.02599999999998,141.60666666666665,-89.41933333333333,-38.70363637412929,2
co president,89.54,0.0,-89.54,-99.98883305415968,2
alcohol policy,89.97,0.0,-89.97,-99.98888641920426,2
persis drell,90.73333333333333,0.0,-90.73333333333333,-99.98897990669654,2
mental health,273.844,182.11,-91.73399999999998,-33.497411029234556,2
anti semitism,91.855,0.0,-91.855,-99.98911446143798,2
four years,92.6325,0.0,-92.6325,-99.98920581806405,2
brock turner,93.52,0.0,-93.52,-99.98930824334438,2
hillary clinton,94.085,0.0,-94.085,-99.98937244274403,2
brubaker cole,185.78,91.31,-94.47,-50.84773130954303,2
community centers,94.5,0.0,-94.5,-99.98941910908898,2
range planning,94.69,0.0,-94.69,-99.98944033790919,2
development agreement,94.7,0.0,-94.7,-99.98944145285608,2
executive order,95.78,0.0,-95.78,-99.98956049692033,2
president obama,96.39,0.0,-96.39,-99.9896265560166,2
figure out,97.31,0.0,-97.31,-99.98972461981093,2
rice cameron,99.48,0.0,-99.48,-99.98994873856668,2
long range,99.66499999999999,0.0,-99.66499999999999,-99.9899673940306,2
task force,100.94749999999999,0.0,-100.94749999999999,-99.9900948418889,2
unknown suspect,102.81333333333333,0.0,-102.81333333333333,-99.99027458099653,2
palo alto,277.166,173.6575,-103.5085,-37.34396195918839,2
corrected to reflect,103.51,0.0,-103.51,-99.9903400309119,3
african american,105.545,0.0,-105.545,-99.99052626592771,2
hard alcohol,113.65,0.0,-113.65,-99.99120183001935,2
climate survey,114.83,0.0,-114.83,-99.99129223267154,2
college republicans,117.535,0.0,-117.535,-99.9914926198477,2
community center,119.74,0.0,-119.74,-99.99164926931105,2
professor department,123.32,0.0,-123.32,-99.99189167274791,2
student groups,128.274,0.0,-128.274,-99.99220479560975,2
chanel miller,128.84,0.0,-128.84,-99.99223903764067,2
cardinal conversations,130.44,0.0,-130.44,-99.99233422767344,2
affordable housing,135.66,0.0,-135.66,-99.99262917373038,2
low income,139.31400000000002,0.0,-139.31400000000002,-99.99282248571674,2
western civilization,142.06,0.0,-142.06,-99.99296121630184,2
sometime between,205.04,0.0,-205.04,-99.9951231406974,2
sexual assault,452.06000000000006,132.44,-319.62000000000006,-70.7014400424713,2
