year,ngram,n,count,total_ngrams,freq_per_million
2015,sexual assault,2,465,863256,538.66
2015,united states,2,292,863256,338.25
2015,last year,2,256,863256,296.55
2015,climate change,2,241,863256,279.18
2015,computer science,2,198,863256,229.36
2015,sometime between,2,177,863256,205.04
2015,mental health,2,171,863256,198.09
2015,title ix,2,165,863256,191.14
2015,high school,2,155,863256,179.55
2015,supreme court,2,143,863256,165.65
2015,student groups,2,143,863256,165.65
2015,silicon valley,2,126,863256,145.96
2015,palo alto,2,125,863256,144.8
2015,years ago,2,123,863256,142.48
2015,student body,2,121,863256,140.17
2015,low income,2,119,863256,137.85
2015,new york,2,118,863256,136.69
2015,last week,2,113,863256,130.9
2015,graduate students,2,110,863256,127.42
2015,first time,2,105,863256,121.63
2015,many people,2,103,863256,119.32
2015,unknown suspect,2,103,863256,119.32
2015,human rights,2,96,863256,111.21
2015,feel like,2,96,863256,111.21
2015,right now,2,91,863256,105.41
2015,task force,2,91,863256,105.41
2015,fossil free,2,88,863256,101.94
2015,two years,2,85,863256,98.46
2015,figure out,2,84,863256,97.31
2015,president obama,2,83,863256,96.15
2015,vice provost,2,82,863256,94.99
2015,make sure,2,80,863256,92.67
2015,said contact,2,79,863256,91.51
2015,public safety,2,77,863256,89.2
2015,many students,2,76,863256,88.04
2015,locked bike,2,75,863256,86.88
2015,fossil fuels,2,74,863256,85.72
2015,social media,2,73,863256,84.56
2015,don think,2,73,863256,84.56
2015,fossil fuel,2,71,863256,82.25
2015,long term,2,69,863256,79.93
2015,dining halls,2,69,863256,79.93
2015,year old,2,68,863256,78.77
2015,next year,2,68,863256,78.77
2015,san jose,2,66,863256,76.45
2015,graduate student,2,66,863256,76.45
2015,graduate school,2,66,863256,76.45
2015,don know,2,65,863256,75.3
2015,four years,2,65,863256,75.3
2015,first place,2,65,863256,75.3
2015,health care,2,64,863256,74.14
2015,individual reportedly,2,64,863256,74.14
2015,student group,2,63,863256,72.98
2015,faculty members,2,63,863256,72.98
2015,vice president,2,62,863256,71.82
2015,white plaza,2,62,863256,71.82
2015,college students,2,60,863256,69.5
2015,black lives,2,59,863256,68.35
2015,middle east,2,59,863256,68.35
2015,gmail com,2,59,863256,68.35
2015,law enforcement,2,58,863256,67.19
2015,little bit,2,58,863256,67.19
2015,president john,2,58,863256,67.19
2015,sexual violence,2,58,863256,67.19
2015,don want,2,57,863256,66.03
2015,winter quarter,2,56,863256,64.87
2015,freshman year,2,56,863256,64.87
2015,three years,2,56,863256,64.87
2015,off campus,2,55,863256,63.71
2015,bike rack,2,55,863256,63.71
2015,every year,2,54,863256,62.55
2015,undergraduate senate,2,54,863256,62.55
2015,few years,2,54,863256,62.55
2015,some students,2,54,863256,62.55
2015,dining hall,2,54,863256,62.55
2015,every day,2,53,863256,61.4
2015,design thinking,2,53,863256,61.4
2015,college campuses,2,53,863256,61.4
2015,white house,2,52,863256,60.24
2015,one thing,2,52,863256,60.24
2015,academic year,2,52,863256,60.24
2015,around campus,2,52,863256,60.24
2015,middle class,2,52,863256,60.24
2015,eating disorders,2,52,863256,60.24
2015,five years,2,51,863256,59.08
2015,safety bulletin,2,51,863256,59.08
2015,sexual harassment,2,51,863256,59.08
2015,social impact,2,51,863256,59.08
2015,civil rights,2,50,863256,57.92
2015,financial aid,2,50,863256,57.92
2015,black women,2,50,863256,57.92
2015,san francisco,2,50,863256,57.92
2015,difference between,2,49,863256,56.76
2015,lives matter,2,49,863256,56.76
2015,hillary clinton,2,49,863256,56.76
2015,campus climate,2,49,863256,56.76
2015,national security,2,49,863256,56.76
2015,bay area,2,48,863256,55.6
2015,escondido village,2,47,863256,54.45
2015,south africa,2,47,863256,54.45
2015,bike was stolen,3,86,863255,99.62
2015,board of trustees,3,81,863255,93.83
2015,around the world,3,80,863255,92.67
2015,department of public,3,69,863255,79.93
2015,individual was arrested,3,61,863255,70.66
2015,lot of people,3,58,863255,67.19
2015,suspect or suspects,3,54,863255,62.55
2015,public safety bulletin,3,51,863255,59.08
2015,cited and released,3,50,863255,57.92
2015,across the country,3,49,863255,56.76
2015,school of medicine,3,46,863255,53.29
2015,new york times,3,46,863255,53.29
2015,individual was cited,3,46,863255,53.29
2015,black lives matter,3,44,863255,50.97
2015,students and faculty,3,43,863255,49.81
2015,there are many,3,43,863255,49.81
2015,john lancaster finley,3,42,863255,48.65
2015,president john hennessy,3,42,863255,48.65
2015,regrets this error,3,41,863255,47.49
2015,school of business,3,40,863255,46.34
2015,students of color,3,40,863255,46.34
2015,people of color,3,40,863255,46.34
2015,cable locked bike,3,39,863255,45.18
2015,san jose main,3,37,863255,42.86
2015,jose main jail,3,37,863255,42.86
2015,reportedly cable locked,3,37,863255,42.86
2015,provost john etchemendy,3,37,863255,42.86
2015,low income students,3,35,863255,40.54
2015,title ix office,3,35,863255,40.54
2015,individual reportedly cable,3,33,863255,38.23
2015,contact mina shah,3,32,863255,37.07
2015,shah at minashah,3,32,863255,37.07
2015,school of engineering,3,32,863255,37.07
2015,reportedly locked bike,3,32,863255,37.07
2015,faculty and staff,3,31,863255,35.91
2015,want to make,3,30,863255,34.75
2015,east palo alto,3,30,863255,34.75
2015,possession of alcohol,3,29,863255,33.59
2015,around the country,3,28,863255,32.44
2015,report covers selection,3,27,863255,31.28
2015,selection of incidents,3,27,863255,31.28
2015,groups on campus,3,27,863255,31.28
2015,stolen from bike,3,27,863255,31.28
2015,residential dining enterprises,3,25,863255,28.96
2015,group of students,3,25,863255,28.96
2015,out of occupied,3,25,863255,28.96
2015,title ix investigation,3,25,863255,28.96
2015,el camino real,3,24,863255,27.8
2015,all the time,3,24,863255,27.8
2015,fossil fuel divestment,3,24,863255,27.8
2015,men and women,3,24,863255,27.8
2015,secretary of state,3,23,863255,26.64
2015,edu this report,3,23,863255,26.64
2015,contact sam premutico,3,23,863255,26.64
2015,premutico at samprem,3,23,863255,26.64
2015,contact lily zheng,3,23,863255,26.64
2015,earlier this year,3,23,863255,26.64
2015,students on campus,3,23,863255,26.64
2015,group of people,3,23,863255,26.64
2015,minor in possession,3,23,863255,26.64
2015,there are lot,3,22,863255,25.48
2015,throckmorton at adastat,3,22,863255,25.48
2015,provost for student,3,22,863255,25.48
2015,trying to figure,3,22,863255,25.48
2015,arrested for public,3,22,863255,25.48
2015,assu undergraduate senate,3,22,863255,25.48
2015,point of view,3,21,863255,24.33
2015,contact mysia anderson,3,21,863255,24.33
2015,anderson at mysia,3,21,863255,24.33
2015,contact michael gioia,3,21,863255,24.33
2015,quach at jquach,3,21,863255,24.33
2015,two years ago,3,21,863255,24.33
2015,like to see,3,21,863255,24.33
2015,bike rack outside,3,21,863255,24.33
2015,contact ada throckmorton,3,20,863255,23.17
2015,dining enterprises de,3,20,863255,23.17
2015,contact catherine zaw,3,20,863255,23.17
2015,condensed and edited,3,20,863255,23.17
2015,cohen at skylarc,3,20,863255,23.17
2015,said we want,3,20,863255,23.17
2015,santa clara county,3,20,863255,23.17
2015,graduate student council,3,20,863255,23.17
2015,science and engineering,3,20,863255,23.17
2015,hall sometime between,3,20,863255,23.17
2015,contact jeremy quach,3,20,863255,23.17
2015,force on sexual,3,20,863255,23.17
2015,school of education,3,20,863255,23.17
2015,individual reportedly locked,3,20,863255,23.17
2015,there are some,3,20,863255,23.17
2015,contact winston shi,3,19,863255,22.01
2015,freedom of expression,3,19,863255,22.01
2015,number of students,3,19,863255,22.01
2015,question of whether,3,19,863255,22.01
2015,contact skylar cohen,3,19,863255,22.01
2015,building sometime between,3,19,863255,22.01
2015,day period between,3,19,863255,22.01
2015,counseling and psychological,3,19,863255,22.01
2015,despite the fact,3,19,863255,22.01
2015,spokeswoman lisa lapin,3,19,863255,22.01
2015,unknown suspect stole,3,19,863255,22.01
2016,sexual assault,2,566,844701,670.06
2016,last year,2,208,844701,246.24
2016,student body,2,206,844701,243.87
2016,graduate student,2,197,844701,233.22
2016,mental health,2,195,844701,230.85
2016,united states,2,195,844701,230.85
2016,graduate students,2,186,844701,220.2
2016,high school,2,172,844701,203.62
2016,donald trump,2,155,844701,183.5
2016,new york,2,155,844701,183.5
2016,palo alto,2,151,844701,178.76
2016,undergraduate senate,2,134,844701,158.64
2016,computer science,2,131,844701,155.08
2016,low income,2,131,844701,155.08
2016,tessier lavigne,2,124,844701,146.8
2016,climate change,2,123,844701,145.61
2016,western civilization,2,120,844701,142.06
2016,years ago,2,118,844701,139.69
2016,sexual violence,2,117,844701,138.51
2016,financial aid,2,114,844701,134.96
2016,hillary clinton,2,111,844701,131.41
2016,student groups,2,110,844701,130.22
2016,silicon valley,2,101,844701,119.57
2016,campus climate,2,101,844701,119.57
2016,first time,2,100,844701,118.39
2016,climate survey,2,97,844701,114.83
2016,hard alcohol,2,96,844701,113.65
2016,two years,2,94,844701,111.28
2016,unknown suspect,2,93,844701,110.1
2016,anti semitism,2,91,844701,107.73
2016,title ix,2,88,844701,104.18
2016,right now,2,88,844701,104.18
2016,faculty senate,2,87,844701,103.0
2016,santa clara,2,86,844701,101.81
2016,last week,2,86,844701,101.81
2016,vice provost,2,85,844701,100.63
2016,four years,2,85,844701,100.63
2016,feel like,2,84,844701,99.44
2016,next year,2,83,844701,98.26
2016,don know,2,79,844701,93.52
2016,brock turner,2,79,844701,93.52
2016,bay area,2,79,844701,93.52
2016,graduate school,2,77,844701,91.16
2016,vice president,2,76,844701,89.97
2016,social media,2,76,844701,89.97
2016,don think,2,76,844701,89.97
2016,alcohol policy,2,76,844701,89.97
2016,supreme court,2,75,844701,88.79
2016,clara county,2,74,844701,87.6
2016,editorial board,2,74,844701,87.6
2016,many students,2,71,844701,84.05
2016,student council,2,71,844701,84.05
2016,president obama,2,70,844701,82.87
2016,san francisco,2,69,844701,81.69
2016,make sure,2,69,844701,81.69
2016,public safety,2,68,844701,80.5
2016,bernie sanders,2,67,844701,79.32
2016,said contact,2,67,844701,79.32
2016,three years,2,66,844701,78.13
2016,incident occurred,2,66,844701,78.13
2016,president john,2,64,844701,75.77
2016,locked bike,2,64,844701,75.77
2016,many people,2,64,844701,75.77
2016,task force,2,63,844701,74.58
2016,gmail com,2,62,844701,73.4
2016,health care,2,62,844701,73.4
2016,york times,2,62,844701,73.4
2016,african american,2,62,844701,73.4
2016,long term,2,60,844701,71.03
2016,don want,2,60,844701,71.03
2016,income students,2,58,844701,68.66
2016,working group,2,58,844701,68.66
2016,year old,2,57,844701,67.48
2016,human rights,2,57,844701,67.48
2016,first generation,2,57,844701,67.48
2016,contact hannah,2,56,844701,66.3
2016,winter quarter,2,56,844701,66.3
2016,school year,2,56,844701,66.3
2016,freshman year,2,55,844701,65.11
2016,full moon,2,55,844701,65.11
2016,every day,2,54,844701,63.93
2016,first year,2,54,844701,63.93
2016,pointed out,2,53,844701,62.74
2016,john hennessy,2,52,844701,61.56
2016,fossil fuel,2,52,844701,61.56
2016,student affairs,2,52,844701,61.56
2016,some students,2,52,844701,61.56
2016,all students,2,52,844701,61.56
2016,greek life,2,52,844701,61.56
2016,theta chi,2,52,844701,61.56
2016,said there,2,51,844701,60.38
2016,fangzhou liu,2,50,844701,59.19
2016,college students,2,50,844701,59.19
2016,few years,2,49,844701,58.01
2016,few weeks,2,49,844701,58.01
2016,student group,2,49,844701,58.01
2016,asian american,2,49,844701,58.01
2016,one thing,2,49,844701,58.01
2016,past year,2,48,844701,56.82
2016,off campus,2,48,844701,56.82
2016,campus climate survey,3,80,844700,94.71
2016,santa clara county,3,74,844700,87.61
2016,board of trustees,3,72,844700,85.24
2016,around the world,3,71,844700,84.05
2016,graduate student council,3,70,844700,82.87
2016,individual was cited,3,66,844700,78.13
2016,department of public,3,64,844700,75.77
2016,cited and released,3,64,844700,75.77
2016,bike was stolen,3,63,844700,74.58
2016,new york times,3,62,844700,73.4
2016,across the country,3,54,844700,63.93
2016,low income students,3,53,844700,62.74
2016,school of medicine,3,46,844700,54.46
2016,contact fangzhou liu,3,45,844700,53.27
2016,president john hennessy,3,44,844700,52.09
2016,lot of people,3,44,844700,52.09
2016,knowles at hknowles,3,43,844700,50.91
2016,people of color,3,43,844700,50.91
2016,contact hannah knowles,3,41,844700,48.54
2016,school of business,3,40,844700,47.35
2016,individual was arrested,3,40,844700,47.35
2016,provost john etchemendy,3,39,844700,46.17
2016,possession of alcohol,3,37,844700,43.8
2016,minor in possession,3,37,844700,43.8
2016,contact caleb smith,3,36,844700,42.62
2016,students and faculty,3,35,844700,41.43
2016,public safety bulletin,3,35,844700,41.43
2016,marc tessier lavigne,3,34,844700,40.25
2016,student council gsc,3,33,844700,39.07
2016,john lancaster finley,3,32,844700,37.88
2016,contact lily zheng,3,30,844700,35.52
2016,western civilization requirement,3,30,844700,35.52
2016,sexual assault prevention,3,29,844700,34.33
2016,definition of sexual,3,29,844700,34.33
2016,regrets this error,3,29,844700,34.33
2016,contact blanca andrei,3,28,844700,33.15
2016,andrei at bandrei,3,28,844700,33.15
2016,school of engineering,3,28,844700,33.15
2016,unknown suspect filed,3,28,844700,33.15
2016,suspect filed fraudulent,3,28,844700,33.15
2016,filed fraudulent tax,3,28,844700,33.15
2016,fraudulent tax return,3,28,844700,33.15
2016,tax return using,3,28,844700,33.15
2016,information the incident,3,28,844700,33.15
2016,report covers selection,3,27,844700,31.96
2016,selection of incidents,3,27,844700,31.96
2016,want to make,3,27,844700,31.96
2016,editor in chief,3,27,844700,31.96
2016,men and women,3,27,844700,31.96
2016,school of education,3,26,844700,30.78
2016,edu this report,3,26,844700,30.78
2016,there are many,3,26,844700,30.78
2016,secretary of state,3,26,844700,30.78
2016,along the way,3,25,844700,29.6
2016,faculty and staff,3,24,844700,28.41
2016,undergraduate and graduate,3,24,844700,28.41
2016,cable locked bike,3,24,844700,28.41
2016,want to see,3,24,844700,28.41
2016,period of time,3,24,844700,28.41
2016,first generation low,3,24,844700,28.41
2016,generation low income,3,24,844700,28.41
2016,fossil fuel divestment,3,23,844700,27.23
2016,contact jacob nierenberg,3,23,844700,27.23
2016,president marc tessier,3,23,844700,27.23
2016,against anti semitism,3,23,844700,27.23
2016,suspect or suspects,3,23,844700,27.23
2016,possession of marijuana,3,22,844700,26.04
2016,east palo alto,3,22,844700,26.04
2016,throckmorton at adastat,3,22,844700,26.04
2016,board of directors,3,22,844700,26.04
2016,two years ago,3,21,844700,24.86
2016,safety bulletin contact,3,21,844700,24.86
2016,students on campus,3,21,844700,24.86
2016,contact ariel liu,3,21,844700,24.86
2016,pan at capan,3,21,844700,24.86
2016,released for driving,3,21,844700,24.86
2016,locker room talk,3,21,844700,24.86
2016,unknown suspect stole,3,20,844700,23.68
2016,there are lot,3,20,844700,23.68
2016,students of color,3,20,844700,23.68
2016,teaching us wtu,3,20,844700,23.68
2016,new alcohol policy,3,20,844700,23.68
2016,contact terence zhao,3,19,844700,22.49
2016,between the two,3,19,844700,22.49
2016,faculty and students,3,19,844700,22.49
2016,black lives matter,3,19,844700,22.49
2016,low income partnership,3,19,844700,22.49
2016,president john lancaster,3,19,844700,22.49
2016,title ix office,3,19,844700,22.49
2016,high school students,3,19,844700,22.49
2016,chi theta chi,3,19,844700,22.49
2016,beyond sex ed,3,19,844700,22.49
2016,assu undergraduate senate,3,18,844700,21.31
2016,assu vice president,3,18,844700,21.31
2016,alcohol transports reported,3,18,844700,21.31
2016,transports reported between,3,18,844700,21.31
2016,science and engineering,3,18,844700,21.31
2016,number of students,3,18,844700,21.31
2016,groups on campus,3,18,844700,21.31
2016,public safety sudps,3,18,844700,21.31
2017,sexual assault,2,389,835234,465.74
2017,title ix,2,270,835234,323.26
2017,tessier lavigne,2,229,835234,274.17
2017,graduate students,2,214,835234,256.22
2017,united states,2,212,835234,253.82
2017,graduate student,2,193,835234,231.07
2017,mental health,2,192,835234,229.88
2017,palo alto,2,187,835234,223.89
2017,high school,2,183,835234,219.1
2017,last year,2,158,835234,189.17
2017,new york,2,151,835234,180.79
2017,low income,2,150,835234,179.59
2017,associate professor,2,139,835234,166.42
2017,student body,2,135,835234,161.63
2017,climate change,2,131,835234,156.84
2017,student groups,2,130,835234,155.65
2017,undergraduate senate,2,124,835234,148.46
2017,computer science,2,118,835234,141.28
2017,african american,2,115,835234,137.69
2017,law school,2,114,835234,136.49
2017,financial aid,2,112,835234,134.09
2017,last week,2,109,835234,130.5
2017,silicon valley,2,109,835234,130.5
2017,professor department,2,103,835234,123.32
2017,donald trump,2,101,835234,120.92
2017,assistant professor,2,101,835234,120.92
2017,first time,2,100,835234,119.73
2017,vice provost,2,99,835234,118.53
2017,free speech,2,99,835234,118.53
2017,graduate school,2,97,835234,116.14
2017,years ago,2,94,835234,112.54
2017,long term,2,94,835234,112.54
2017,right now,2,93,835234,111.35
2017,bay area,2,93,835234,111.35
2017,feel like,2,92,835234,110.15
2017,president obama,2,92,835234,110.15
2017,some students,2,87,835234,104.16
2017,trump administration,2,86,835234,102.97
2017,community members,2,86,835234,102.97
2017,san francisco,2,85,835234,101.77
2017,executive order,2,80,835234,95.78
2017,york times,2,78,835234,93.39
2017,four years,2,77,835234,92.19
2017,off campus,2,77,835234,92.19
2017,ph student,2,76,835234,90.99
2017,gmail com,2,76,835234,90.99
2017,don know,2,75,835234,89.8
2017,vice president,2,75,835234,89.8
2017,sexual violence,2,75,835234,89.8
2017,make sure,2,74,835234,88.6
2017,many people,2,74,835234,88.6
2017,marc tessier,2,74,835234,88.6
2017,white house,2,74,835234,88.6
2017,social media,2,73,835234,87.4
2017,two years,2,73,835234,87.4
2017,public service,2,72,835234,86.2
2017,community centers,2,72,835234,86.2
2017,health care,2,72,835234,86.2
2017,income students,2,72,835234,86.2
2017,supreme court,2,71,835234,85.01
2017,constitutional council,2,70,835234,83.81
2017,said contact,2,68,835234,81.41
2017,many students,2,67,835234,80.22
2017,unknown suspect,2,66,835234,79.02
2017,santa clara,2,65,835234,77.82
2017,student group,2,64,835234,76.63
2017,president marc,2,64,835234,76.63
2017,long range,2,64,835234,76.63
2017,range planning,2,64,835234,76.63
2017,first generation,2,64,835234,76.63
2017,president trump,2,64,835234,76.63
2017,faculty senate,2,63,835234,75.43
2017,freshman year,2,62,835234,74.23
2017,school year,2,61,835234,73.03
2017,don think,2,61,835234,73.03
2017,human rights,2,60,835234,71.84
2017,next year,2,59,835234,70.64
2017,student council,2,59,835234,70.64
2017,sexual harassment,2,57,835234,68.24
2017,persis drell,2,56,835234,67.05
2017,robert spencer,2,56,835234,67.05
2017,office hours,2,55,835234,65.85
2017,academic year,2,55,835234,65.85
2017,little bit,2,53,835234,63.46
2017,public safety,2,52,835234,62.26
2017,said there,2,52,835234,62.26
2017,all students,2,52,835234,62.26
2017,faculty members,2,52,835234,62.26
2017,haas center,2,52,835234,62.26
2017,sudps bulletin,2,51,835234,61.06
2017,african americans,2,51,835234,61.06
2017,ph candidate,2,50,835234,59.86
2017,asian american,2,49,835234,58.67
2017,student affairs,2,48,835234,57.47
2017,political science,2,48,835234,57.47
2017,provost persis,2,47,835234,56.27
2017,don want,2,47,835234,56.27
2017,winter quarter,2,46,835234,55.07
2017,associate dean,2,46,835234,55.07
2017,felt like,2,45,835234,53.88
2017,new york times,3,78,835233,93.39
2017,cited and released,3,75,835233,89.8
2017,around the world,3,75,835233,89.8
2017,marc tessier lavigne,3,72,835233,86.2
2017,low income students,3,67,835233,80.22
2017,professor of english,3,67,835233,80.22
2017,president marc tessier,3,64,835233,76.63
2017,long range planning,3,64,835233,76.63
2017,graduate student council,3,56,835233,67.05
2017,bike was stolen,3,53,835233,63.46
2017,board of trustees,3,53,835233,63.46
2017,school of medicine,3,52,835233,62.26
2017,told stanford news,3,49,835233,58.67
2017,provost persis drell,3,47,835233,56.27
2017,faculty and staff,3,46,835233,55.07
2017,department of public,3,45,835233,53.88
2017,students and faculty,3,45,835233,53.88
2017,santa clara county,3,45,835233,53.88
2017,between and someone,3,44,835233,52.68
2017,someone was cited,3,43,835233,51.48
2017,school of business,3,41,835233,49.09
2017,school of education,3,40,835233,47.89
2017,title ix office,3,40,835233,47.89
2017,window of car,3,40,835233,47.89
2017,title ix process,3,39,835233,46.69
2017,across the country,3,39,835233,46.69
2017,knowles at hknowles,3,37,835233,44.3
2017,regrets this error,3,36,835233,43.1
2017,someone was arrested,3,36,835233,43.1
2017,department of education,3,35,835233,41.9
2017,released for driving,3,34,835233,40.71
2017,lot of people,3,34,835233,40.71
2017,student council gsc,3,33,835233,39.51
2017,contact hannah knowles,3,33,835233,39.51
2017,there was one,3,33,835233,39.51
2017,public safety sudps,3,32,835233,38.31
2017,unknown suspect smashed,3,32,835233,38.31
2017,president donald trump,3,32,835233,38.31
2017,school of engineering,3,31,835233,37.12
2017,want to make,3,31,835233,37.12
2017,associate professor department,3,31,835233,37.12
2017,contact sophie regan,3,30,835233,35.92
2017,undergraduate and graduate,3,30,835233,35.92
2017,range planning process,3,30,835233,35.92
2017,people of color,3,29,835233,34.72
2017,professor of law,3,29,835233,34.72
2017,department of history,3,29,835233,34.72
2017,car and stole,3,29,835233,34.72
2017,east palo alto,3,28,835233,33.52
2017,one alcohol transport,3,28,835233,33.52
2017,cs social good,3,28,835233,33.52
2017,tessier lavigne said,3,27,835233,32.33
2017,there are many,3,27,835233,32.33
2017,there are lot,3,26,835233,31.13
2017,brassil at gbrassil,3,26,835233,31.13
2017,report covers selection,3,26,835233,31.13
2017,selection of incidents,3,26,835233,31.13
2017,safety sudps bulletin,3,26,835233,31.13
2017,humanities and sciences,3,26,835233,31.13
2017,assistant professor department,3,26,835233,31.13
2017,editor in chief,3,26,835233,31.13
2017,contact amanda rizkalla,3,25,835233,29.93
2017,contact gillian brassil,3,25,835233,29.93
2017,martin luther king,3,25,835233,29.93
2017,department of english,3,25,835233,29.93
2017,dear colleague letter,3,25,835233,29.93
2017,rizkalla at amariz,3,24,835233,28.73
2017,sudps bulletin contact,3,24,835233,28.73
2017,bulletin contact sophie,3,24,835233,28.73
2017,associate vice provost,3,24,835233,28.73
2017,emphasized the importance,3,24,835233,28.73
2017,university of california,3,24,835233,28.73
2017,number of students,3,23,835233,27.54
2017,year ph student,3,23,835233,27.54
2017,queens college cuny,3,23,835233,27.54
2017,english queens college,3,23,835233,27.54
2017,title ix cases,3,22,835233,26.34
2017,contact courtney douglas,3,22,835233,26.34
2017,chair shanta katipamula,3,22,835233,26.34
2017,meal plan dollars,3,22,835233,26.34
2017,trying to get,3,22,835233,26.34
2017,sexual assault cases,3,22,835233,26.34
2017,edited and condensed,3,21,835233,25.14
2017,edu this report,3,21,835233,25.14
2017,driving without license,3,21,835233,25.14
2017,campus drive near,3,21,835233,25.14
2017,school of humanities,3,21,835233,25.14
2017,science and engineering,3,21,835233,25.14
2017,sudps bulletin tuesday,3,21,835233,25.14
2017,freeman spogli institute,3,21,835233,25.14
2017,near the block,3,21,835233,25.14
2017,su prison divest,3,21,835233,25.14
2017,senate chair shanta,3,20,835233,23.95
2017,cable locked bike,3,20,835233,23.95
2017,luther king jr,3,20,835233,23.95
2017,provost for student,3,20,835233,23.95
2017,faculty and students,3,20,835233,23.95
2017,counseling and psychological,3,20,835233,23.95
2017,possession of alcohol,3,20,835233,23.95
2017,criminal justice system,3,20,835233,23.95
2018,palo alto,2,355,904665,392.41
2018,title ix,2,327,904665,361.46
2018,mental health,2,295,904665,326.09
2018,sexual assault,2,265,904665,292.93
2018,graduate students,2,216,904665,238.76
2018,graduate student,2,198,904665,218.87
2018,high school,2,193,904665,213.34
2018,tessier lavigne,2,188,904665,207.81
2018,united states,2,185,904665,204.5
2018,last year,2,177,904665,195.65
2018,free speech,2,161,904665,177.97
2018,new york,2,151,904665,166.91
2018,computer science,2,144,904665,159.17
2018,law school,2,142,904665,156.96
2018,undergraduate senate,2,141,904665,155.86
2018,vice provost,2,134,904665,148.12
2018,santa clara,2,131,904665,144.8
2018,bay area,2,128,904665,141.49
2018,community center,2,127,904665,140.38
2018,college republicans,2,122,904665,134.86
2018,low income,2,122,904665,134.86
2018,cardinal conversations,2,118,904665,130.44
2018,climate change,2,113,904665,124.91
2018,student body,2,113,904665,124.91
2018,long range,2,111,904665,122.7
2018,brubaker cole,2,111,904665,122.7
2018,long term,2,110,904665,121.59
2018,san francisco,2,110,904665,121.59
2018,feel like,2,109,904665,120.49
2018,student groups,2,108,904665,119.38
2018,student affairs,2,108,904665,119.38
2018,first time,2,108,904665,119.38
2018,health care,2,107,904665,118.28
2018,silicon valley,2,105,904665,116.07
2018,co chair,2,103,904665,113.85
2018,affordable housing,2,103,904665,113.85
2018,range planning,2,102,904665,112.75
2018,clara county,2,101,904665,111.64
2018,right now,2,100,904665,110.54
2018,financial aid,2,99,904665,109.43
2018,last week,2,98,904665,108.33
2018,supreme court,2,96,904665,106.12
2018,social media,2,95,904665,105.01
2018,make sure,2,94,904665,103.91
2018,vice president,2,94,904665,103.91
2018,community centers,2,93,904665,102.8
2018,don know,2,92,904665,101.7
2018,rice cameron,2,90,904665,99.48
2018,years ago,2,89,904665,98.38
2018,two years,2,88,904665,97.27
2018,student council,2,86,904665,95.06
2018,ph candidate,2,86,904665,95.06
2018,hoover institution,2,84,904665,92.85
2018,native american,2,84,904665,92.85
2018,community members,2,83,904665,91.75
2018,don think,2,82,904665,90.64
2018,co president,2,81,904665,89.54
2018,human rights,2,80,904665,88.43
2018,persis drell,2,80,904665,88.43
2018,public safety,2,80,904665,88.43
2018,graduate school,2,79,904665,87.33
2018,sigma chi,2,79,904665,87.33
2018,provost persis,2,78,904665,86.22
2018,sexual violence,2,78,904665,86.22
2018,ix office,2,77,904665,85.11
2018,donald trump,2,76,904665,84.01
2018,next year,2,76,904665,84.01
2018,sexual harassment,2,76,904665,84.01
2018,staff members,2,74,904665,81.8
2018,don want,2,73,904665,80.69
2018,dining halls,2,73,904665,80.69
2018,marc tessier,2,73,904665,80.69
2018,said contact,2,72,904665,79.59
2018,many people,2,71,904665,78.48
2018,dining hall,2,69,904665,76.27
2018,university spokesperson,2,69,904665,76.27
2018,school year,2,68,904665,75.17
2018,civil rights,2,68,904665,75.17
2018,york times,2,68,904665,75.17
2018,president marc,2,67,904665,74.06
2018,off campus,2,67,904665,74.06
2018,east palo,2,67,904665,74.06
2018,said there,2,66,904665,72.96
2018,campus drive,2,65,904665,71.85
2018,reached out,2,64,904665,70.74
2018,faculty senate,2,64,904665,70.74
2018,task force,2,64,904665,70.74
2018,palumbo liu,2,63,904665,69.64
2018,mental illness,2,63,904665,69.64
2018,student athletes,2,63,904665,69.64
2018,academic year,2,62,904665,68.53
2018,many students,2,61,904665,67.43
2018,holden foreman,2,61,904665,67.43
2018,miranda wrote,2,60,904665,66.32
2018,felt like,2,59,904665,65.22
2018,associated students,2,59,904665,65.22
2018,year old,2,58,904665,64.11
2018,fundamental standard,2,58,904665,64.11
2018,machine learning,2,57,904665,63.01
2018,trump administration,2,56,904665,61.9
2018,bike was stolen,3,131,904664,144.81
2018,long range planning,3,102,904664,112.75
2018,someone was arrested,3,101,904664,111.64
2018,santa clara county,3,101,904664,111.64
2018,stolen from outside,3,90,904664,99.48
2018,graduate student council,3,84,904664,92.85
2018,provost persis drell,3,78,904664,86.22
2018,title ix office,3,77,904664,85.11
2018,marc tessier lavigne,3,73,904664,80.69
2018,new york times,3,68,904664,75.17
2018,president marc tessier,3,67,904664,74.06
2018,east palo alto,3,67,904664,74.06
2018,department of public,3,64,904664,70.74
2018,students of color,3,60,904664,66.32
2018,regrets this error,3,58,904664,64.11
2018,around the world,3,56,904664,61.9
2018,board of trustees,3,55,904664,60.8
2018,leave of absence,3,54,904664,59.69
2018,people of color,3,52,904664,57.48
2018,lot of people,3,51,904664,56.37
2018,faculty and staff,3,51,904664,56.37
2018,undergraduate and graduate,3,49,904664,54.16
2018,wrote in statement,3,48,904664,53.06
2018,range planning process,3,47,904664,51.95
2018,contact holden foreman,3,46,904664,50.85
2018,public safety sudps,3,46,904664,50.85
2018,student council gsc,3,45,904664,49.74
2018,university spokesperson miranda,3,42,904664,46.43
2018,students and faculty,3,42,904664,46.43
2018,general use permit,3,42,904664,46.43
2018,title ix process,3,42,904664,46.43
2018,ingram at jmingram,3,42,904664,46.43
2018,school of medicine,3,41,904664,45.32
2018,contact brian contreras,3,41,904664,45.32
2018,school of business,3,40,904664,44.22
2018,susie brubaker cole,3,40,904664,44.22
2018,editor in chief,3,39,904664,43.11
2018,college republicans scr,3,38,904664,42.0
2018,between and bike,3,37,904664,40.9
2018,someone was cited,3,37,904664,40.9
2018,freeman spogli institute,3,36,904664,39.79
2018,driving without license,3,36,904664,39.79
2018,provost for student,3,36,904664,39.79
2018,request for comment,3,35,904664,38.69
2018,across the country,3,35,904664,38.69
2018,university of california,3,35,904664,38.69
2018,school of education,3,33,904664,36.48
2018,contact julia ingram,3,33,904664,36.48
2018,campus climate survey,3,32,904664,35.37
2018,updated to reflect,3,32,904664,35.37
2018,woo at erinkwoo,3,31,904664,34.27
2018,requests for comment,3,30,904664,33.16
2018,emphasized the importance,3,30,904664,33.16
2018,student affairs susie,3,30,904664,33.16
2018,affairs susie brubaker,3,30,904664,33.16
2018,edu this report,3,29,904664,32.06
2018,report covers selection,3,29,904664,32.06
2018,selection of incidents,3,29,904664,32.06
2018,judge aaron persky,3,29,904664,32.06
2018,arrested for driving,3,29,904664,32.06
2018,el camino real,3,29,904664,32.06
2018,safety sudps bulletin,3,28,904664,30.95
2018,complaint was made,3,28,904664,30.95
2018,earlier this year,3,28,904664,30.95
2018,there are lot,3,28,904664,30.95
2018,edu on tuesday,3,28,904664,30.95
2018,associate vice provost,3,28,904664,30.95
2018,contact erin woo,3,28,904664,30.95
2018,updated to include,3,27,904664,29.85
2018,told stanford news,3,26,904664,28.74
2018,between the two,3,26,904664,28.74
2018,edited and condensed,3,26,904664,28.74
2018,article incorrectly stated,3,26,904664,28.74
2018,men and women,3,26,904664,28.74
2018,president donald trump,3,25,904664,27.63
2018,chen at kxsean,3,25,904664,27.63
2018,contact alex tsai,3,25,904664,27.63
2018,tsai at aotsai,3,25,904664,27.63
2018,samrai at ysamrai,3,25,904664,27.63
2018,two years ago,3,25,904664,27.63
2018,said he believes,3,24,904664,26.53
2018,vaden health center,3,24,904664,26.53
2018,edu on wednesday,3,24,904664,26.53
2018,university president marc,3,24,904664,26.53
2018,title ix coordinator,3,24,904664,26.53
2018,high school students,3,24,904664,26.53
2018,diversity and inclusion,3,24,904664,26.53
2018,minor in possession,3,24,904664,26.53
2018,enough is enough,3,24,904664,26.53
2018,there are many,3,23,904664,25.42
2018,contact courtney douglas,3,23,904664,25.42
2018,agbonile at adesuwaa,3,23,904664,25.42
2018,professor of law,3,23,904664,25.42
2018,secretary of state,3,23,904664,25.42
2018,all the time,3,23,904664,25.42
2018,want to get,3,23,904664,25.42
2018,want to make,3,23,904664,25.42
2018,lavigne and provost,3,23,904664,25.42
2018,contact sean chen,3,22,904664,24.32
2018,mental health issues,3,22,904664,24.32
2019,palo alto,2,405,908129,445.97
2019,mental health,2,349,908129,384.31
2019,graduate students,2,343,908129,377.7
2019,graduate student,2,282,908129,310.53
2019,sexual assault,2,266,908129,292.91
2019,united states,2,256,908129,281.9
2019,brubaker cole,2,226,908129,248.86
2019,last year,2,193,908129,212.52
2019,vice provost,2,186,908129,204.82
2019,santa clara,2,182,908129,200.41
2019,student affairs,2,177,908129,194.91
2019,climate change,2,176,908129,193.81
2019,high school,2,163,908129,179.49
2019,computer science,2,161,908129,177.29
2019,tessier lavigne,2,160,908129,176.19
2019,title ix,2,159,908129,175.09
2019,silicon valley,2,156,908129,171.78
2019,undergraduate senate,2,154,908129,169.58
2019,faculty senate,2,148,908129,162.97
2019,san francisco,2,147,908129,161.87
2019,bay area,2,146,908129,160.77
2019,sexual violence,2,145,908129,159.67
2019,affordable housing,2,143,908129,157.47
2019,clara county,2,141,908129,155.26
2019,task force,2,139,908129,153.06
2019,human rights,2,138,908129,151.96
2019,social media,2,136,908129,149.76
2019,student body,2,119,908129,131.04
2019,financial aid,2,117,908129,128.84
2019,chanel miller,2,117,908129,128.84
2019,new york,2,116,908129,127.74
2019,ph candidate,2,116,908129,127.74
2019,persis drell,2,106,908129,116.72
2019,community members,2,106,908129,116.72
2019,associated students,2,105,908129,115.62
2019,first year,2,102,908129,112.32
2019,years ago,2,102,908129,112.32
2019,provost persis,2,100,908129,110.12
2019,vice president,2,100,908129,110.12
2019,off campus,2,99,908129,109.02
2019,last week,2,99,908129,109.02
2019,sexual harassment,2,98,908129,107.91
2019,long term,2,95,908129,104.61
2019,four years,2,93,908129,102.41
2019,college republicans,2,91,908129,100.21
2019,public safety,2,90,908129,99.1
2019,university assu,2,90,908129,99.1
2019,community center,2,90,908129,99.1
2019,artificial intelligence,2,90,908129,99.1
2019,development agreement,2,86,908129,94.7
2019,holden foreman,2,85,908129,93.6
2019,free speech,2,85,908129,93.6
2019,greek life,2,85,908129,93.6
2019,law school,2,82,908129,90.3
2019,academic year,2,81,908129,89.19
2019,low income,2,81,908129,89.19
2019,two years,2,80,908129,88.09
2019,first time,2,79,908129,86.99
2019,susie brubaker,2,78,908129,85.89
2019,hoover institution,2,78,908129,85.89
2019,vehicle parked,2,78,908129,85.89
2019,right now,2,77,908129,84.79
2019,don know,2,77,908129,84.79
2019,student council,2,76,908129,83.69
2019,graduate school,2,75,908129,82.59
2019,anti semitic,2,75,908129,82.59
2019,co chair,2,75,908129,82.59
2019,many people,2,74,908129,81.49
2019,college admissions,2,73,908129,80.39
2019,contact holden,2,72,908129,79.28
2019,native american,2,72,908129,79.28
2019,marc tessier,2,72,908129,79.28
2019,national security,2,71,908129,78.18
2019,ph student,2,71,908129,78.18
2019,feel like,2,70,908129,77.08
2019,school district,2,70,908129,77.08
2019,three years,2,70,908129,77.08
2019,york times,2,69,908129,75.98
2019,anti semitism,2,69,908129,75.98
2019,co director,2,68,908129,74.88
2019,make sure,2,68,908129,74.88
2019,fossil free,2,68,908129,74.88
2019,health care,2,66,908129,72.68
2019,service workers,2,66,908129,72.68
2019,university spokesperson,2,65,908129,71.58
2019,student groups,2,64,908129,70.47
2019,don think,2,64,908129,70.47
2019,campus workers,2,64,908129,70.47
2019,housing units,2,64,908129,70.47
2019,affairs susie,2,63,908129,69.37
2019,some students,2,63,908129,69.37
2019,school year,2,62,908129,68.27
2019,dining enterprises,2,62,908129,68.27
2019,said contact,2,62,908129,68.27
2019,president marc,2,62,908129,68.27
2019,supreme court,2,61,908129,67.17
2019,all students,2,60,908129,66.07
2019,spokesperson miranda,2,60,908129,66.07
2019,white plaza,2,60,908129,66.07
2019,gmail com,2,60,908129,66.07
2019,santa clara county,3,141,908128,155.26
2019,provost persis drell,3,100,908128,110.12
2019,corrected to reflect,3,94,908128,103.51
2019,someone was cited,3,91,908128,100.21
2019,regrets this error,3,80,908128,88.09
2019,bike was stolen,3,79,908128,86.99
2019,susie brubaker cole,3,78,908128,85.89
2019,graduate student council,3,76,908128,83.69
2019,contact holden foreman,3,72,908128,79.28
2019,marc tessier lavigne,3,72,908128,79.28
2019,provost for student,3,71,908128,78.18
2019,department of public,3,69,908128,75.98
2019,new york times,3,69,908128,75.98
2019,between and vehicle,3,68,908128,74.88
2019,student affairs susie,3,63,908128,69.37
2019,affairs susie brubaker,3,63,908128,69.37
2019,stolen from outside,3,63,908128,69.37
2019,president marc tessier,3,62,908128,68.27
2019,told stanford news,3,61,908128,67.17
2019,east palo alto,3,59,908128,64.97
2019,leave of absence,3,56,908128,61.67
2019,public safety sudps,3,54,908128,59.46
2019,dining enterprises de,3,53,908128,58.36
2019,general use permit,3,53,908128,58.36
2019,faculty and staff,3,51,908128,56.16
2019,ingram at jmingram,3,47,908128,51.75
2019,board of supervisors,3,47,908128,51.75
2019,students of color,3,46,908128,50.65
2019,people of color,3,46,908128,50.65
2019,across the country,3,46,908128,50.65
2019,university of california,3,44,908128,48.45
2019,long range planning,3,44,908128,48.45
2019,updated to reflect,3,43,908128,47.35
2019,board of trustees,3,43,908128,47.35
2019,cited for driving,3,43,908128,47.35
2019,university spokesperson miranda,3,43,908128,47.35
2019,counseling and psychological,3,42,908128,46.25
2019,brubaker cole wrote,3,41,908128,45.15
2019,student council gsc,3,41,908128,45.15
2019,diversity and inclusion,3,41,908128,45.15
2019,edu this article,3,40,908128,44.05
2019,lot of people,3,40,908128,44.05
2019,request for comment,3,40,908128,44.05
2019,school of medicine,3,39,908128,42.95
2019,wrote in statement,3,39,908128,42.95
2019,around the world,3,39,908128,42.95
2019,driving without license,3,38,908128,41.84
2019,kimiko and bryce,3,38,908128,41.84
2019,contact julia ingram,3,37,908128,40.74
2019,curnin at ccurnin,3,37,908128,40.74
2019,disability community center,3,36,908128,39.64
2019,el camino real,3,36,908128,39.64
2019,campus climate survey,3,36,908128,39.64
2019,contact charlie curnin,3,35,908128,38.54
2019,school of business,3,34,908128,37.44
2019,declined to comment,3,34,908128,37.44
2019,contact sophie regan,3,34,908128,37.44
2019,resx task force,3,34,908128,37.44
2019,psychological services caps,3,34,908128,37.44
2019,college admissions scandal,3,34,908128,37.44
2019,woo at erinkwoo,3,33,908128,36.34
2019,residential and dining,3,33,908128,36.34
2019,students with disabilities,3,33,908128,36.34
2019,use permit gup,3,32,908128,35.24
2019,school of education,3,32,908128,35.24
2019,affordability task force,3,32,908128,35.24
2019,college republicans scr,3,31,908128,34.14
2019,students and faculty,3,31,908128,34.14
2019,university president marc,3,30,908128,33.03
2019,there are many,3,30,908128,33.03
2019,report covers selection,3,29,908128,31.93
2019,selection of incidents,3,29,908128,31.93
2019,safety sudps bulletin,3,29,908128,31.93
2019,veit at cveit,3,29,908128,31.93
2019,contact elena shao,3,29,908128,31.93
2019,emphasized the importance,3,29,908128,31.93
2019,spokesperson bill larson,3,28,908128,30.83
2019,residential dining enterprises,3,28,908128,30.83
2019,palo alto city,3,28,908128,30.83
2019,president donald trump,3,28,908128,30.83
2019,green new deal,3,28,908128,30.83
2019,edu this report,3,27,908128,29.73
2019,between and bike,3,27,908128,29.73
2019,faculty senate committee,3,27,908128,29.73
2019,school of earth,3,27,908128,29.73
2019,campus workers rights,3,27,908128,29.73
2019,rezvani at lrezvani,3,26,908128,28.63
2019,contact cooper veit,3,26,908128,28.63
2019,updated to include,3,26,908128,28.63
2019,vaden health center,3,26,908128,28.63
2019,told stanford medicine,3,26,908128,28.63
2019,workers rights coalition,3,26,908128,28.63
2019,chinese railroad workers,3,26,908128,28.63
2019,requests for comment,3,25,908128,27.53
2019,regrets these errors,3,25,908128,27.53
2019,contact leily rezvani,3,25,908128,27.53
2019,secretary of state,3,25,908128,27.53
2019,martin luther king,3,25,908128,27.53
2019,sudps bulletin tuesday,3,25,908128,27.53
2019,david palumbo liu,3,25,908128,27.53
2020,stanforddaily com,2,538,1232328,436.57
2020,graduate students,2,513,1232328,416.29
2020,santa clara,2,509,1232328,413.04
2020,clara county,2,462,1232328,374.9
2020,spring quarter,2,390,1232328,316.47
2020,palo alto,2,330,1232328,267.79
2020,united states,2,322,1232328,261.29
2020,title ix,2,319,1232328,258.86
2020,public health,2,313,1232328,253.99
2020,mental health,2,308,1232328,249.93
2020,international students,2,299,1232328,242.63
2020,tessier lavigne,2,294,1232328,238.57
2020,faculty senate,2,257,1232328,208.55
2020,graduate student,2,251,1232328,203.68
2020,vice provost,2,247,1232328,200.43
2020,ed submissions,2,244,1232328,198.0
2020,publishing diversity,2,243,1232328,197.19
2020,thoughts email,2,243,1232328,197.19
2020,email letters,2,243,1232328,197.19
2020,sexual violence,2,239,1232328,193.94
2020,covid pandemic,2,238,1232328,193.13
2020,facebook twitter,2,233,1232328,189.07
2020,health care,2,232,1232328,188.26
2020,com follow,2,231,1232328,187.45
2020,financial aid,2,230,1232328,186.64
2020,bay area,2,228,1232328,185.02
2020,new york,2,208,1232328,168.79
2020,high school,2,205,1232328,166.35
2020,academic year,2,203,1232328,164.73
2020,fall quarter,2,200,1232328,162.29
2020,student body,2,197,1232328,159.86
2020,community members,2,188,1232328,152.56
2020,social media,2,187,1232328,151.75
2020,right now,2,183,1232328,148.5
2020,low income,2,183,1232328,148.5
2020,undergraduate senate,2,181,1232328,146.88
2020,ph student,2,181,1232328,146.88
2020,social distancing,2,180,1232328,146.07
2020,many students,2,177,1232328,143.63
2020,winter quarter,2,176,1232328,142.82
2020,hoover institution,2,173,1232328,140.38
2020,off campus,2,171,1232328,138.76
2020,first year,2,171,1232328,138.76
2020,climate change,2,169,1232328,137.14
2020,sexual assault,2,167,1232328,135.52
2020,brubaker cole,2,165,1232328,133.89
2020,gmail com,2,165,1232328,133.89
2020,computer science,2,162,1232328,131.46
2020,vice president,2,158,1232328,128.21
2020,some students,2,152,1232328,123.34
2020,don know,2,150,1232328,121.72
2020,black lives,2,150,1232328,121.72
2020,public safety,2,146,1232328,118.47
2020,long term,2,146,1232328,118.47
2020,sexual harassment,2,143,1232328,116.04
2020,all students,2,143,1232328,116.04
2020,student affairs,2,141,1232328,114.42
2020,persis drell,2,141,1232328,114.42
2020,provost persis,2,137,1232328,111.17
2020,university spokesperson,2,132,1232328,107.11
2020,associated students,2,130,1232328,105.49
2020,student staff,2,128,1232328,103.87
2020,marc tessier,2,128,1232328,103.87
2020,greek life,2,123,1232328,99.81
2020,law school,2,122,1232328,99.0
2020,president marc,2,121,1232328,98.19
2020,last week,2,120,1232328,97.38
2020,spokesperson miranda,2,118,1232328,95.75
2020,african american,2,118,1232328,95.75
2020,graduate school,2,118,1232328,95.75
2020,many people,2,114,1232328,92.51
2020,lives matter,2,114,1232328,92.51
2020,black students,2,113,1232328,91.7
2020,university assu,2,112,1232328,90.88
2020,make sure,2,112,1232328,90.88
2020,service workers,2,111,1232328,90.07
2020,new cases,2,110,1232328,89.26
2020,east palo,2,109,1232328,88.45
2020,last year,2,109,1232328,88.45
2020,assistant professor,2,109,1232328,88.45
2020,school year,2,109,1232328,88.45
2020,miranda wrote,2,108,1232328,87.64
2020,study published,2,107,1232328,86.83
2020,faculty members,2,106,1232328,86.02
2020,first time,2,105,1232328,85.2
2020,eic stanforddaily,2,105,1232328,85.2
2020,two weeks,2,104,1232328,84.39
2020,town hall,2,104,1232328,84.39
2020,associate professor,2,103,1232328,83.58
2020,previous version,2,103,1232328,83.58
2020,black people,2,103,1232328,83.58
2020,opinions stanforddaily,2,103,1232328,83.58
2020,trump administration,2,101,1232328,81.96
2020,feel like,2,100,1232328,81.15
2020,peer institutions,2,100,1232328,81.15
2020,supreme court,2,99,1232328,80.34
2020,said contact,2,99,1232328,80.34
2020,editorial board,2,98,1232328,79.52
2020,campus housing,2,98,1232328,79.52
2020,fli students,2,98,1232328,79.52
2020,santa clara county,3,462,1232327,374.9
2020,love to hear,3,244,1232327,198.0
2020,committed to publishing,3,244,1232327,198.0
2020,eds and letters,3,244,1232327,198.0
2020,editor to eic,3,244,1232327,198.0
2020,op ed submissions,3,244,1232327,198.0
2020,diversity of op,3,243,1232327,197.19
2020,editor we love,3,243,1232327,197.19
2020,hear your thoughts,3,243,1232327,197.19
2020,thoughts email letters,3,243,1232327,197.19
2020,submissions to opinions,3,243,1232327,197.19
2020,twitter and instagram,3,234,1232327,189.88
2020,stanforddaily com follow,3,231,1232327,187.45
2020,wrote in statement,3,201,1232327,163.11
2020,opinions at stanforddaily,3,177,1232327,143.63
2020,school of medicine,3,150,1232327,121.72
2020,eic at stanforddaily,3,142,1232327,115.23
2020,shelter in place,3,141,1232327,114.42
2020,regrets this error,3,137,1232327,111.17
2020,provost persis drell,3,137,1232327,111.17
2020,marc tessier lavigne,3,124,1232327,100.62
2020,president marc tessier,3,120,1232327,97.38
2020,across the country,3,111,1232327,90.07
2020,black lives matter,3,110,1232327,89.26
2020,told stanford news,3,108,1232327,87.64
2020,east palo alto,3,105,1232327,85.2
2020,department of public,3,103,1232327,83.58
2020,told stanford medicine,3,103,1232327,83.58
2020,opinions stanforddaily com,3,103,1232327,83.58
2020,university spokesperson miranda,3,102,1232327,82.77
2020,bringing the total,3,100,1232327,81.15
2020,eic stanforddaily com,3,100,1232327,81.15
2020,vote by mail,3,96,1232327,77.9
2020,new york times,3,91,1232327,73.84
2020,faculty and staff,3,91,1232327,73.84
2020,return to campus,3,90,1232327,73.03
2020,people of color,3,88,1232327,71.41
2020,declined to comment,3,87,1232327,70.6
2020,graduate student council,3,85,1232327,68.98
2020,students for workers,3,83,1232327,67.35
2020,reported new cases,3,83,1232327,67.35
2020,around the world,3,82,1232327,66.54
2020,health and safety,3,82,1232327,66.54
2020,bike was stolen,3,81,1232327,65.73
2020,lot of people,3,78,1232327,63.29
2020,corrected to reflect,3,75,1232327,60.86
2020,pt santa clara,3,75,1232327,60.86
2020,patients in santa,3,75,1232327,60.86
2020,students and faculty,3,74,1232327,60.05
2020,students on campus,3,74,1232327,60.05
2020,cases of covid,3,74,1232327,60.05
2020,african american studies,3,73,1232327,59.24
2020,clara county reported,3,71,1232327,57.61
2020,susie brubaker cole,3,70,1232327,56.8
2020,public safety sudps,3,69,1232327,55.99
2020,board of trustees,3,69,1232327,55.99
2020,leave of absence,3,67,1232327,54.37
2020,associate vice provost,3,65,1232327,52.75
2020,provost for student,3,65,1232327,52.75
2020,county reported new,3,65,1232327,52.75
2020,living on campus,3,64,1232327,51.93
2020,due to covid,3,64,1232327,51.93
2020,number of students,3,63,1232327,51.12
2020,african and african,3,59,1232327,47.88
2020,students of color,3,56,1232327,45.44
2020,updated to include,3,54,1232327,43.82
2020,request for comment,3,54,1232327,43.82
2020,student affairs susie,3,53,1232327,43.01
2020,affairs susie brubaker,3,53,1232327,43.01
2020,tested for covid,3,52,1232327,42.2
2020,remain on campus,3,51,1232327,41.39
2020,live on campus,3,51,1232327,41.39
2020,back to campus,3,50,1232327,40.57
2020,student council gsc,3,49,1232327,39.76
2020,humanities and sciences,3,49,1232327,39.76
2020,stay on campus,3,49,1232327,39.76
2020,county public health,3,48,1232327,38.95
2020,spread of covid,3,48,1232327,38.95
2020,title ix office,3,46,1232327,37.33
2020,university of california,3,46,1232327,37.33
2020,president donald trump,3,45,1232327,36.52
2020,school of humanities,3,44,1232327,35.7
2020,stay at home,3,44,1232327,35.7
2020,hospitalized covid patients,3,44,1232327,35.7
2020,county also reported,3,44,1232327,35.7
2020,someone was cited,3,43,1232327,34.89
2020,happening on campus,3,43,1232327,34.89
2020,campus or otherwise,3,43,1232327,34.89
2020,deaths from covid,3,43,1232327,34.89
2020,anti black racism,3,43,1232327,34.89
2020,exciting and influential,3,42,1232327,34.08
2020,influential research happening,3,42,1232327,34.08
2020,here our digest,3,42,1232327,34.08
2020,contact derek chen,3,42,1232327,34.08
2020,undergraduate and graduate,3,42,1232327,34.08
2020,year ph student,3,42,1232327,34.08
2020,race and ethnicity,3,42,1232327,34.08
2020,school of education,3,41,1232327,33.27
2020,tessier lavigne wrote,3,41,1232327,33.27
2020,positive for covid,3,41,1232327,33.27
2021,graduate students,2,280,724889,386.27
2021,stanforddaily com,2,271,724889,373.85
2021,graduate student,2,256,724889,353.16
2021,santa clara,2,240,724889,331.09
2021,clara county,2,216,724889,297.98
2021,mental health,2,215,724889,296.6
2021,united states,2,201,724889,277.28
2021,social media,2,198,724889,273.15
2021,public health,2,177,724889,244.18
2021,winter quarter,2,171,724889,235.9
2021,tessier lavigne,2,165,724889,227.62
2021,undergraduate senate,2,157,724889,216.58
2021,title ix,2,155,724889,213.83
2021,faculty senate,2,152,724889,209.69
2021,academic year,2,151,724889,208.31
2021,community members,2,148,724889,204.17
2021,high school,2,143,724889,197.27
2021,ph student,2,142,724889,195.89
2021,vice provost,2,139,724889,191.75
2021,bay area,2,135,724889,186.24
2021,last year,2,134,724889,184.86
2021,sexual violence,2,134,724889,184.86
2021,last week,2,133,724889,183.48
2021,some students,2,128,724889,176.58
2021,climate change,2,127,724889,175.2
2021,student body,2,124,724889,171.06
2021,ed submissions,2,119,724889,164.16
2021,associated students,2,118,724889,162.78
2021,university spokesperson,2,118,724889,162.78
2021,publishing diversity,2,115,724889,158.64
2021,thoughts email,2,115,724889,158.64
2021,email letters,2,115,724889,158.64
2021,greek life,2,115,724889,158.64
2021,faculty staff,2,113,724889,155.89
2021,health care,2,112,724889,154.51
2021,fully vaccinated,2,112,724889,154.51
2021,facebook twitter,2,111,724889,153.13
2021,spring quarter,2,111,724889,153.13
2021,covid pandemic,2,110,724889,151.75
2021,com follow,2,110,724889,151.75
2021,two weeks,2,109,724889,150.37
2021,palo alto,2,109,724889,150.37
2021,faculty members,2,108,724889,148.99
2021,fall quarter,2,106,724889,146.23
2021,covid cases,2,104,724889,143.47
2021,public safety,2,104,724889,143.47
2021,asian american,2,103,724889,142.09
2021,off campus,2,102,724889,140.71
2021,first time,2,102,724889,140.71
2021,low income,2,98,724889,135.19
2021,american studies,2,98,724889,135.19
2021,many students,2,97,724889,133.81
2021,silicon valley,2,96,724889,132.43
2021,all students,2,94,724889,129.68
2021,long term,2,92,724889,126.92
2021,university assu,2,88,724889,121.4
2021,hoover institution,2,87,724889,120.02
2021,spokesperson miranda,2,87,724889,120.02
2021,miranda wrote,2,87,724889,120.02
2021,student council,2,87,724889,120.02
2021,student staff,2,86,724889,118.64
2021,african american,2,85,724889,117.26
2021,computer science,2,84,724889,115.88
2021,sexual assault,2,82,724889,113.12
2021,student affairs,2,81,724889,111.74
2021,special circumstances,2,80,724889,110.36
2021,president marc,2,80,724889,110.36
2021,marc tessier,2,80,724889,110.36
2021,right now,2,80,724889,110.36
2021,first year,2,80,724889,110.36
2021,student athletes,2,79,724889,108.98
2021,law school,2,78,724889,107.6
2021,brubaker cole,2,77,724889,106.22
2021,co chair,2,75,724889,103.46
2021,fundamental standard,2,72,724889,99.33
2021,san francisco,2,72,724889,99.33
2021,tested positive,2,71,724889,97.95
2021,honor code,2,71,724889,97.95
2021,black people,2,70,724889,96.57
2021,persis drell,2,70,724889,96.57
2021,past year,2,70,724889,96.57
2021,vice president,2,69,724889,95.19
2021,provost persis,2,68,724889,93.81
2021,feel like,2,68,724889,93.81
2021,escondido village,2,68,724889,93.81
2021,undergraduate students,2,65,724889,89.67
2021,decision making,2,65,724889,89.67
2021,new york,2,64,724889,88.29
2021,international students,2,63,724889,86.91
2021,graduate school,2,63,724889,86.91
2021,financial aid,2,63,724889,86.91
2021,black students,2,61,724889,84.15
2021,political science,2,60,724889,82.77
2021,new school,2,60,724889,82.77
2021,task force,2,60,724889,82.77
2021,fourth year,2,59,724889,81.39
2021,said there,2,58,724889,80.01
2021,black community,2,57,724889,78.63
2021,racial justice,2,56,724889,77.25
2021,covid testing,2,55,724889,75.87
2021,santa clara county,3,216,724888,297.98
2021,opinions at stanforddaily,3,128,724888,176.58
2021,op ed submissions,3,119,724888,164.16
2021,committed to publishing,3,116,724888,160.02
2021,hear your thoughts,3,116,724888,160.02
2021,eic at stanforddaily,3,116,724888,160.02
2021,diversity of op,3,115,724888,158.65
2021,eds and letters,3,115,724888,158.65
2021,editor we love,3,115,724888,158.65
2021,love to hear,3,115,724888,158.65
2021,thoughts email letters,3,115,724888,158.65
2021,editor to eic,3,115,724888,158.65
2021,submissions to opinions,3,115,724888,158.65
2021,twitter and instagram,3,115,724888,158.65
2021,stanforddaily com follow,3,110,724888,151.75
2021,school of medicine,3,90,724888,124.16
2021,juniors and seniors,3,89,724888,122.78
2021,return to campus,3,87,724888,120.02
2021,graduate student council,3,86,724888,118.64
2021,bike was stolen,3,86,724888,118.64
2021,wrote in statement,3,83,724888,114.5
2021,president marc tessier,3,79,724888,108.98
2021,marc tessier lavigne,3,79,724888,108.98
2021,university spokesperson miranda,3,79,724888,108.98
2021,back to campus,3,77,724888,106.22
2021,department of public,3,72,724888,99.33
2021,provost persis drell,3,68,724888,93.81
2021,faculty and staff,3,62,724888,85.53
2021,across the country,3,60,724888,82.77
2021,students on campus,3,57,724888,78.63
2021,living on campus,3,56,724888,77.25
2021,frosh and sophomores,3,55,724888,75.87
2021,university of california,3,55,724888,75.87
2021,request for comment,3,54,724888,74.49
2021,students and faculty,3,54,724888,74.49
2021,african american studies,3,53,724888,73.11
2021,regrets this error,3,53,724888,73.11
2021,student council gsc,3,49,724888,67.6
2021,associate vice provost,3,48,724888,66.22
2021,declined to comment,3,47,724888,64.84
2021,health and safety,3,46,724888,63.46
2021,black lives matter,3,43,724888,59.32
2021,people of color,3,43,724888,59.32
2021,around the world,3,43,724888,59.32
2021,school of business,3,43,724888,59.32
2021,equity and inclusion,3,43,724888,59.32
2021,staff and postdoctoral,3,42,724888,57.94
2021,petty theft occurred,3,40,724888,55.18
2021,spread of covid,3,39,724888,53.8
2021,african and african,3,39,724888,53.8
2021,east palo alto,3,38,724888,52.42
2021,public safety sudps,3,38,724888,52.42
2021,dean of students,3,37,724888,51.04
2021,updated to reflect,3,37,724888,51.04
2021,leave of absence,3,36,724888,49.66
2021,susie brubaker cole,3,36,724888,49.66
2021,gsc co chair,3,36,724888,49.66
2021,positive for covid,3,35,724888,48.28
2021,respond to request,3,35,724888,48.28
2021,returning to campus,3,34,724888,46.9
2021,escondido village graduate,3,33,724888,45.52
2021,title ix office,3,32,724888,44.14
2021,dining enterprises de,3,32,724888,44.14
2021,asian american studies,3,32,724888,44.14
2021,coming to campus,3,31,724888,42.77
2021,live on campus,3,31,724888,42.77
2021,provost for student,3,31,724888,42.77
2021,undergraduate and graduate,3,31,724888,42.77
2021,board of trustees,3,31,724888,42.77
2021,village graduate residences,3,31,724888,42.77
2021,staff and postdocs,3,30,724888,41.39
2021,due to covid,3,30,724888,41.39
2021,between and bike,3,30,724888,41.39
2021,professor of medicine,3,30,724888,41.39
2021,spokesperson miranda wrote,3,29,724888,40.01
2021,lot of people,3,29,724888,40.01
2021,spokesperson pat harris,3,29,724888,40.01
2021,plans to bring,3,28,724888,38.63
2021,year ph student,3,28,724888,38.63
2021,race and ethnicity,3,28,724888,38.63
2021,corrected to reflect,3,28,724888,38.63
2021,sexual violence prevention,3,28,724888,38.63
2021,report covers selection,3,28,724888,38.63
2021,selection of incidents,3,28,724888,38.63
2021,safety sudps bulletin,3,27,724888,37.25
2021,student affairs susie,3,27,724888,37.25
2021,affairs susie brubaker,3,27,724888,37.25
2021,social media posts,3,27,724888,37.25
2021,hicks and jacobs,3,27,724888,37.25
2021,decision making process,3,26,724888,35.87
2021,number of students,3,26,724888,35.87
2021,regardless of vaccination,3,26,724888,35.87
2021,communities of color,3,25,724888,34.49
2021,students with disabilities,3,25,724888,34.49
2021,secretary of state,3,24,724888,33.11
2021,according to university,3,24,724888,33.11
2021,humanities and sciences,3,24,724888,33.11
2021,control and prevention,3,24,724888,33.11
2021,said that there,3,24,724888,33.11
2021,johnson johnson vaccine,3,24,724888,33.11
2022,mental health,2,357,596212,598.78
2022,tessier lavigne,2,220,596212,369.0
2022,graduate students,2,215,596212,360.61
2022,fossil fuel,2,183,596212,306.94
2022,ph student,2,181,596212,303.58
2022,graduate student,2,154,596212,258.3
2022,climate change,2,145,596212,243.2
2022,united states,2,141,596212,236.49
2022,title ix,2,138,596212,231.46
2022,petty theft,2,136,596212,228.11
2022,sexual violence,2,136,596212,228.11
2022,community members,2,120,596212,201.27
2022,health care,2,113,596212,189.53
2022,social media,2,110,596212,184.5
2022,law school,2,110,596212,184.5
2022,public safety,2,105,596212,176.11
2022,last week,2,105,596212,176.11
2022,theft occurred,2,103,596212,172.76
2022,doerr school,2,103,596212,172.76
2022,palo alto,2,102,596212,171.08
2022,supreme court,2,102,596212,171.08
2022,university spokesperson,2,101,596212,169.4
2022,high school,2,100,596212,167.73
2022,some students,2,96,596212,161.02
2022,faculty senate,2,94,596212,157.66
2022,santa clara,2,93,596212,155.98
2022,faculty staff,2,91,596212,152.63
2022,sexual assault,2,91,596212,152.63
2022,positivity rate,2,90,596212,150.95
2022,bay area,2,89,596212,149.28
2022,off campus,2,86,596212,144.24
2022,academic year,2,85,596212,142.57
2022,last year,2,83,596212,139.21
2022,vice provost,2,83,596212,139.21
2022,many students,2,80,596212,134.18
2022,computer science,2,80,596212,134.18
2022,year ph,2,80,596212,134.18
2022,clara county,2,79,596212,132.5
2022,long term,2,78,596212,130.83
2022,first year,2,77,596212,129.15
2022,feel like,2,77,596212,129.15
2022,low income,2,75,596212,125.79
2022,reached out,2,75,596212,125.79
2022,vice president,2,73,596212,122.44
2022,right now,2,73,596212,122.44
2022,winter quarter,2,71,596212,119.09
2022,san francisco,2,71,596212,119.09
2022,fuel companies,2,71,596212,119.09
2022,public health,2,70,596212,117.41
2022,co chair,2,69,596212,115.73
2022,asian american,2,69,596212,115.73
2022,first time,2,69,596212,115.73
2022,silicon valley,2,68,596212,114.05
2022,undergraduate senate,2,68,596212,114.05
2022,student body,2,65,596212,109.02
2022,task force,2,65,596212,109.02
2022,international students,2,64,596212,107.34
2022,new school,2,64,596212,107.34
2022,fourth year,2,62,596212,103.99
2022,new york,2,62,596212,103.99
2022,greek life,2,61,596212,102.31
2022,unknown time,2,61,596212,102.31
2022,tested positive,2,60,596212,100.64
2022,escondido village,2,60,596212,100.64
2022,graduate school,2,60,596212,100.64
2022,covid cases,2,59,596212,98.96
2022,dining halls,2,57,596212,95.6
2022,covid pandemic,2,56,596212,93.93
2022,marc tessier,2,56,596212,93.93
2022,marriage pact,2,55,596212,92.25
2022,student council,2,55,596212,92.25
2022,social life,2,55,596212,92.25
2022,hoover institution,2,53,596212,88.89
2022,grand theft,2,53,596212,88.89
2022,many people,2,53,596212,88.89
2022,all students,2,53,596212,88.89
2022,financial aid,2,51,596212,85.54
2022,two years,2,51,596212,85.54
2022,peer institutions,2,50,596212,83.86
2022,university department,2,50,596212,83.86
2022,safety sudps,2,50,596212,83.86
2022,fossil fuels,2,50,596212,83.86
2022,president marc,2,49,596212,82.19
2022,brubaker cole,2,49,596212,82.19
2022,sexual harassment,2,49,596212,82.19
2022,spokesperson miranda,2,48,596212,80.51
2022,years ago,2,48,596212,80.51
2022,school year,2,48,596212,80.51
2022,seven day,2,46,596212,77.15
2022,among students,2,46,596212,77.15
2022,fall quarter,2,45,596212,75.48
2022,next year,2,45,596212,75.48
2022,students faculty,2,44,596212,73.8
2022,surveillance testing,2,44,596212,73.8
2022,second year,2,44,596212,73.8
2022,white plaza,2,44,596212,73.8
2022,make sure,2,44,596212,73.8
2022,day positivity,2,43,596212,72.12
2022,graduate residences,2,43,596212,72.12
2022,don know,2,43,596212,72.12
2022,department of public,3,80,596211,134.18
2022,santa clara county,3,79,596211,132.5
2022,regrets this error,3,78,596211,130.83
2022,theft of bike,3,76,596211,127.47
2022,school of sustainability,3,76,596211,127.47
2022,year ph student,3,72,596211,120.76
2022,fossil fuel companies,3,71,596211,119.09
2022,wrote in statement,3,70,596211,117.41
2022,students and faculty,3,61,596211,102.31
2022,across the country,3,57,596211,95.6
2022,faculty and staff,3,55,596211,92.25
2022,graduate student council,3,54,596211,90.57
2022,marc tessier lavigne,3,53,596211,88.89
2022,board of trustees,3,51,596211,85.54
2022,school of medicine,3,50,596211,83.86
2022,around the world,3,50,596211,83.86
2022,public safety sudps,3,49,596211,82.19
2022,president marc tessier,3,49,596211,82.19
2022,university of california,3,45,596211,75.48
2022,petty theft occurred,3,45,596211,75.48
2022,seven day positivity,3,43,596211,72.12
2022,day positivity rate,3,40,596211,67.09
2022,university spokesperson miranda,3,40,596211,67.09
2022,title ix office,3,39,596211,65.41
2022,between on oct,3,39,596211,65.41
2022,student council gsc,3,38,596211,63.74
2022,bike was stolen,3,37,596211,62.06
2022,emphasized the importance,3,35,596211,58.7
2022,updated to include,3,35,596211,58.7
2022,surveillance testing system,3,35,596211,58.7
2022,request for comment,3,35,596211,58.7
2022,declined to comment,3,35,596211,58.7
2022,bike was reported,3,35,596211,58.7
2022,new york times,3,34,596211,57.03
2022,rule of law,3,34,596211,57.03
2022,equity and inclusion,3,33,596211,55.35
2022,escondido village graduate,3,32,596211,53.67
2022,mental health resources,3,32,596211,53.67
2022,staff and postdocs,3,31,596211,52.0
2022,bike theft occurred,3,31,596211,52.0
2022,school of business,3,30,596211,50.32
2022,dining enterprises de,3,29,596211,48.64
2022,counseling and psychological,3,29,596211,48.64
2022,fossil fuel industry,3,29,596211,48.64
2022,provost persis drell,3,28,596211,46.96
2022,village graduate residences,3,28,596211,46.96
2022,rapid antigen tests,3,28,596211,46.96
2022,mental health support,3,28,596211,46.96
2022,lot of people,3,28,596211,46.96
2022,between on nov,3,28,596211,46.96
2022,associate vice provost,3,27,596211,45.29
2022,selection of incidents,3,27,596211,45.29
2022,reporting on crime,3,27,596211,45.29
2022,april and april,3,27,596211,45.29
2022,report covers selection,3,26,596211,43.61
2022,crime and safety,3,26,596211,43.61
2022,gsc co chair,3,26,596211,43.61
2022,fourth year ph,3,26,596211,43.61
2022,color covid tests,3,25,596211,41.93
2022,testing and masking,3,25,596211,41.93
2022,safety sudps bulletin,3,25,596211,41.93
2022,between and petty,3,25,596211,41.93
2022,invasion of ukraine,3,25,596211,41.93
2022,students on campus,3,24,596211,40.25
2022,sudps bulletin learn,3,24,596211,40.25
2022,jane stanford way,3,24,596211,40.25
2022,updated to reflect,3,24,596211,40.25
2022,arrillaga family dining,3,23,596211,38.58
2022,student mental health,3,23,596211,38.58
2022,muwekma ohlone tribe,3,23,596211,38.58
2022,stressed the importance,3,22,596211,36.9
2022,life on campus,3,22,596211,36.9
2022,psychological services caps,3,22,596211,36.9
2022,school of education,3,22,596211,36.9
2022,spokesperson dee mostofi,3,22,596211,36.9
2022,freeman spogli institute,3,22,596211,36.9
2022,oct petty theft,3,22,596211,36.9
2022,corrected to reflect,3,21,596211,35.22
2022,wrote university spokesperson,3,21,596211,35.22
2022,graduate life office,3,21,596211,35.22
2022,developmental and psychological,3,21,596211,35.22
2022,aeronautics and astronautics,3,21,596211,35.22
2022,tessier lavigne wrote,3,21,596211,35.22
2022,residential dining enterprises,3,21,596211,35.22
2022,packard children hospital,3,21,596211,35.22
2022,nov petty theft,3,21,596211,35.22
2022,low income students,3,20,596211,33.55
2022,total of students,3,20,596211,33.55
2022,students in isolation,3,20,596211,33.55
2022,outside the university,3,20,596211,33.55
2022,respond to request,3,20,596211,33.55
2022,said the university,3,20,596211,33.55
2022,humanities and sciences,3,20,596211,33.55
2022,fifth year ph,3,20,596211,33.55
2022,funding from fossil,3,20,596211,33.55
2022,postdocs have tested,3,19,596211,31.87
2022,people of color,3,19,596211,31.87
2022,there are many,3,19,596211,31.87
2022,positive for covid,3,19,596211,31.87
2022,race and ethnicity,3,19,596211,31.87
2023,tessier lavigne,2,519,481854,1077.09
2023,faculty senate,2,286,481854,593.54
2023,graduate student,2,273,481854,566.56
2023,graduate students,2,247,481854,512.6
2023,honor code,2,243,481854,504.3
2023,petty theft,2,179,481854,371.48
2023,ph student,2,167,481854,346.58
2023,year ph,2,118,481854,244.89
2023,reached out,2,114,481854,236.59
2023,academic freedom,2,113,481854,234.51
2023,graduate workers,2,109,481854,226.21
2023,student council,2,104,481854,215.83
2023,last year,2,102,481854,211.68
2023,co chair,2,101,481854,209.61
2023,undergraduate senate,2,100,481854,207.53
2023,mental health,2,97,481854,201.31
2023,academic year,2,94,481854,195.08
2023,affirmative action,2,93,481854,193.0
2023,public safety,2,92,481854,190.93
2023,grand theft,2,91,481854,188.85
2023,computer science,2,90,481854,186.78
2023,law school,2,88,481854,182.63
2023,doerr school,2,86,481854,178.48
2023,third year,2,84,481854,174.33
2023,united states,2,83,481854,172.25
2023,white plaza,2,82,481854,170.18
2023,human rights,2,80,481854,166.03
2023,student body,2,78,481854,161.87
2023,climate change,2,78,481854,161.87
2023,community members,2,78,481854,161.87
2023,fourth year,2,76,481854,157.72
2023,marc tessier,2,76,481854,157.72
2023,faculty members,2,76,481854,157.72
2023,vice provost,2,75,481854,155.65
2023,some students,2,73,481854,151.5
2023,social media,2,73,481854,151.5
2023,academic integrity,2,73,481854,151.5
2023,annual grant,2,72,481854,149.42
2023,bicycle between,2,71,481854,147.35
2023,sexual assault,2,70,481854,145.27
2023,fossil fuel,2,70,481854,145.27
2023,bay area,2,69,481854,143.2
2023,san francisco,2,69,481854,143.2
2023,university spokesperson,2,68,481854,141.12
2023,free speech,2,67,481854,139.05
2023,feel like,2,67,481854,139.05
2023,palo alto,2,64,481854,132.82
2023,president marc,2,64,481854,132.82
2023,student workers,2,63,481854,130.74
2023,supreme court,2,62,481854,128.67
2023,asian american,2,62,481854,128.67
2023,shopping express,2,62,481854,128.67
2023,previous version,2,61,481854,126.59
2023,sexual violence,2,60,481854,124.52
2023,council gsc,2,60,481854,124.52
2023,first time,2,59,481854,122.44
2023,took place,2,59,481854,122.44
2023,many students,2,58,481854,120.37
2023,university department,2,56,481854,116.22
2023,hoover institution,2,56,481854,116.22
2023,data science,2,55,481854,114.14
2023,bankman fried,2,54,481854,112.07
2023,senate ugs,2,53,481854,109.99
2023,high school,2,52,481854,107.92
2023,right now,2,52,481854,107.92
2023,rapport wrote,2,52,481854,107.92
2023,safety sudps,2,52,481854,107.92
2023,graduate school,2,50,481854,103.77
2023,neighborhood system,2,49,481854,101.69
2023,santa clara,2,47,481854,97.54
2023,new york,2,46,481854,95.46
2023,last week,2,46,481854,95.46
2023,winter quarter,2,46,481854,95.46
2023,clara county,2,44,481854,91.31
2023,undergraduate students,2,44,481854,91.31
2023,greenhouse gas,2,44,481854,91.31
2023,vice president,2,44,481854,91.31
2023,brubaker cole,2,44,481854,91.31
2023,el centro,2,44,481854,91.31
2023,motor vehicle,2,43,481854,89.24
2023,campus drive,2,43,481854,89.24
2023,first year,2,42,481854,87.16
2023,said there,2,41,481854,85.09
2023,fifth year,2,40,481854,83.01
2023,jenny martinez,2,40,481854,83.01
2023,years ago,2,39,481854,80.94
2023,health care,2,38,481854,78.86
2023,said according,2,38,481854,78.86
2023,constitutional council,2,38,481854,78.86
2023,off campus,2,37,481854,76.79
2023,student affairs,2,37,481854,76.79
2023,ph candidate,2,37,481854,76.79
2023,rupert murdoch,2,37,481854,76.79
2023,judicial charter,2,37,481854,76.79
2023,editorial board,2,36,481854,74.71
2023,university president,2,36,481854,74.71
2023,search committee,2,36,481854,74.71
2023,said think,2,35,481854,72.64
2023,long term,2,35,481854,72.64
2023,two years,2,35,481854,72.64
2023,graduate student council,3,103,481853,213.76
2023,year ph student,3,86,481853,178.48
2023,theft of bicycle,3,84,481853,174.33
2023,regrets this error,3,79,481853,163.95
2023,marc tessier lavigne,3,76,481853,157.72
2023,department of public,3,68,481853,141.12
2023,board of trustees,3,65,481853,134.9
2023,oct was reported,3,65,481853,134.9
2023,president marc tessier,3,64,481853,132.82
2023,nov was reported,3,61,481853,126.59
2023,student council gsc,3,60,481853,124.52
2023,school of sustainability,3,56,481853,116.22
2023,undergraduate senate ugs,3,53,481853,109.99
2023,graduate student workers,3,53,481853,109.99
2023,public safety sudps,3,50,481853,103.77
2023,jane stanford way,3,50,481853,103.77
2023,wrote in statement,3,49,481853,101.69
2023,bike was stolen,3,48,481853,99.62
2023,between on oct,3,48,481853,99.62
2023,students and faculty,3,44,481853,91.31
2023,santa clara county,3,44,481853,91.31
2023,theft was reported,3,43,481853,89.24
2023,reported at jane,3,39,481853,80.94
2023,fourth year ph,3,38,481853,78.86
2023,third year ph,3,36,481853,74.71
2023,around the world,3,36,481853,74.71
2023,saller and martinez,3,36,481853,74.71
2023,theft of bike,3,35,481853,72.64
2023,freedom of speech,3,35,481853,72.64
2023,university of california,3,32,481853,66.41
2023,reported at escondido,3,32,481853,66.41
2023,reported at campus,3,32,481853,66.41
2023,reporting on crime,3,31,481853,64.33
2023,crime and safety,3,31,481853,64.33
2023,gsc co chair,3,31,481853,64.33
2023,faculty and students,3,29,481853,60.18
2023,request for comment,3,29,481853,60.18
2023,provost persis drell,3,29,481853,60.18
2023,president richard saller,3,29,481853,60.18
2023,school of medicine,3,28,481853,58.11
2023,report covers selection,3,28,481853,58.11
2023,selection of incidents,3,28,481853,58.11
2023,safety sudps bulletin,3,28,481853,58.11
2023,sudps bulletin learn,3,28,481853,58.11
2023,aeronautics and astronautics,3,28,481853,58.11
2023,school of education,3,28,481853,58.11
2023,graduate workers union,3,28,481853,58.11
2023,provost jenny martinez,3,28,481853,58.11
2023,spokesperson luisa rapport,3,27,481853,56.03
2023,across the country,3,27,481853,56.03
2023,between on nov,3,27,481853,56.03
2023,university spokesperson luisa,3,26,481853,53.96
2023,tresidder memorial union,3,26,481853,53.96
2023,out to sudps,3,26,481853,53.96
2023,students on campus,3,25,481853,51.88
2023,fossil fuel companies,3,25,481853,51.88
2023,sudps for comment,3,25,481853,51.88
2023,honor code violations,3,25,481853,51.88
2023,school of humanities,3,24,481853,49.81
2023,faculty and staff,3,24,481853,49.81
2023,undergraduate and graduate,3,24,481853,49.81
2023,year ph candidate,3,24,481853,49.81
2023,new york times,3,23,481853,47.73
2023,editor in chief,3,23,481853,47.73
2023,according to university,3,23,481853,47.73
2023,protected identity harm,3,23,481853,47.73
2023,fifth year ph,3,23,481853,47.73
2023,school of business,3,22,481853,45.66
2023,faculty senate meeting,3,22,481853,45.66
2023,between on april,3,22,481853,45.66
2023,spokesperson dee mostofi,3,21,481853,43.58
2023,dec was reported,3,21,481853,43.58
2023,university for comment,3,21,481853,43.58
2023,equity and inclusion,3,21,481853,43.58
2023,chemistry ph student,3,21,481853,43.58
2023,cost of living,3,21,481853,43.58
2023,tessier lavigne said,3,21,481853,43.58
2023,bicycle was reported,3,21,481853,43.58
2023,saller and provost,3,21,481853,43.58
2023,said the university,3,20,481853,41.51
2023,humanities and sciences,3,20,481853,41.51
2023,want to make,3,20,481853,41.51
2023,year phd student,3,20,481853,41.51
2023,year chemistry ph,3,20,481853,41.51
2023,dr tessier lavigne,3,20,481853,41.51
2023,code in place,3,20,481853,41.51
2023,greenhouse gas removal,3,20,481853,41.51
2023,university spokesperson dee,3,19,481853,39.43
2023,fossil fuel funding,3,19,481853,39.43
2023,tessier lavigne lab,3,19,481853,39.43
2023,regrets the error,3,19,481853,39.43
2023,murdoch and mercer,3,19,481853,39.43
2023,between on sept,3,19,481853,39.43
2023,between on dec,3,18,481853,37.36
2023,vehicle was reported,3,18,481853,37.36
2023,due to fear,3,18,481853,37.36
2023,there are many,3,18,481853,37.36
2023,half moon bay,3,18,481853,37.36
2023,respond to request,3,18,481853,37.36
2023,president tessier lavigne,3,18,481853,37.36
2024,petty theft,2,254,421890,602.05
2024,graduate workers,2,244,421890,578.35
2024,reached out,2,171,421890,405.32
2024,free speech,2,162,421890,383.99
2024,bicycle between,2,153,421890,362.65
2024,white plaza,2,152,421890,360.28
2024,graduate students,2,121,421890,286.8
2024,creative writing,2,118,421890,279.69
2024,social media,2,117,421890,277.32
2024,ph student,2,113,421890,267.84
2024,motor vehicle,2,106,421890,251.25
2024,graduate student,2,104,421890,246.51
2024,grand theft,2,103,421890,244.14
2024,pro palestine,2,99,421890,234.66
2024,united states,2,91,421890,215.7
2024,palo alto,2,89,421890,210.96
2024,campus drive,2,88,421890,208.59
2024,last year,2,87,421890,206.21
2024,faculty senate,2,85,421890,201.47
2024,theft between,2,82,421890,194.36
2024,law school,2,80,421890,189.62
2024,undergraduate senate,2,80,421890,189.62
2024,israel gaza,2,77,421890,182.51
2024,public safety,2,76,421890,180.14
2024,year ph,2,76,421890,180.14
2024,degree burglary,2,75,421890,177.77
2024,fossil fuel,2,73,421890,173.03
2024,community members,2,72,421890,170.66
2024,climate change,2,72,421890,170.66
2024,santa clara,2,72,421890,170.66
2024,second degree,2,70,421890,165.92
2024,assistant professor,2,70,421890,165.92
2024,bargaining committee,2,70,421890,165.92
2024,high school,2,69,421890,163.55
2024,graduate school,2,69,421890,163.55
2024,feel like,2,65,421890,154.07
2024,co chair,2,64,421890,151.7
2024,doerr school,2,64,421890,151.7
2024,mental health,2,63,421890,149.33
2024,vice provost,2,62,421890,146.96
2024,gaza war,2,62,421890,146.96
2024,bay area,2,62,421890,146.96
2024,computer science,2,62,421890,146.96
2024,title ix,2,60,421890,142.22
2024,vehicle between,2,57,421890,135.11
2024,vice president,2,57,421890,135.11
2024,supreme court,2,57,421890,135.11
2024,clara county,2,56,421890,132.74
2024,make sure,2,55,421890,130.37
2024,previous version,2,55,421890,130.37
2024,richard saller,2,54,421890,128.0
2024,student council,2,54,421890,128.0
2024,workers union,2,54,421890,128.0
2024,artificial intelligence,2,53,421890,125.63
2024,many students,2,53,421890,125.63
2024,stop genocide,2,53,421890,125.63
2024,human rights,2,53,421890,125.63
2024,jenny martinez,2,52,421890,123.25
2024,associate professor,2,52,421890,123.25
2024,student body,2,52,421890,123.25
2024,financial aid,2,52,421890,123.25
2024,provost jenny,2,51,421890,120.88
2024,donald trump,2,51,421890,120.88
2024,president richard,2,50,421890,118.51
2024,safety sudps,2,50,421890,118.51
2024,escondido village,2,50,421890,118.51
2024,faculty members,2,50,421890,118.51
2024,silicon valley,2,49,421890,116.14
2024,right now,2,49,421890,116.14
2024,senate ugs,2,49,421890,116.14
2024,sexual assault,2,49,421890,116.14
2024,former president,2,48,421890,113.77
2024,new york,2,48,421890,113.77
2024,ph assistant,2,48,421890,113.77
2024,higher education,2,46,421890,109.03
2024,escondido road,2,46,421890,109.03
2024,said there,2,46,421890,109.03
2024,writing program,2,46,421890,109.03
2024,university spokesperson,2,45,421890,106.66
2024,international students,2,45,421890,106.66
2024,electric bicycle,2,45,421890,106.66
2024,university department,2,44,421890,104.29
2024,white tent,2,44,421890,104.29
2024,first year,2,43,421890,101.92
2024,long term,2,43,421890,101.92
2024,first time,2,42,421890,99.55
2024,political science,2,42,421890,99.55
2024,green library,2,41,421890,97.18
2024,last week,2,41,421890,97.18
2024,santa teresa,2,40,421890,94.81
2024,academic year,2,40,421890,94.81
2024,years ago,2,39,421890,92.44
2024,teresa street,2,38,421890,90.07
2024,san francisco,2,38,421890,90.07
2024,some students,2,38,421890,90.07
2024,south africa,2,38,421890,90.07
2024,said think,2,38,421890,90.07
2024,ph students,2,38,421890,90.07
2024,academic freedom,2,38,421890,90.07
2024,jonathan levin,2,38,421890,90.07
2024,theft of bicycle,3,130,421889,308.14
2024,oct was reported,3,97,421889,229.92
2024,reported at campus,3,79,421889,187.25
2024,out to sudps,3,79,421889,187.25
2024,nov was reported,3,78,421889,184.88
2024,march was reported,3,77,421889,182.51
2024,jane stanford way,3,66,421889,156.44
2024,second degree burglary,3,64,421889,151.7
2024,israel gaza war,3,62,421889,146.96
2024,department of public,3,60,421889,142.22
2024,reported at escondido,3,59,421889,139.85
2024,petty theft between,3,57,421889,135.11
2024,santa clara county,3,56,421889,132.74
2024,motor vehicle between,3,54,421889,128.0
2024,jan was reported,3,54,421889,128.0
2024,burglary from motor,3,53,421889,125.63
2024,graduate student council,3,53,421889,125.63
2024,year ph student,3,53,421889,125.63
2024,board of trustees,3,53,421889,125.63
2024,regrets this error,3,52,421889,123.26
2024,provost jenny martinez,3,51,421889,120.88
2024,dec was reported,3,51,421889,120.88
2024,president richard saller,3,50,421889,118.51
2024,public safety sudps,3,50,421889,118.51
2024,graduate workers union,3,50,421889,118.51
2024,undergraduate senate ugs,3,49,421889,116.14
2024,ph assistant professor,3,48,421889,113.77
2024,reported at jane,3,47,421889,111.4
2024,feb was reported,3,46,421889,109.03
2024,april was reported,3,45,421889,106.66
2024,creative writing program,3,45,421889,106.66
2024,blue and white,3,44,421889,104.29
2024,school of business,3,42,421889,99.55
2024,electric bicycle between,3,42,421889,99.55
2024,reported on oct,3,41,421889,97.18
2024,school of medicine,3,40,421889,94.81
2024,across the country,3,39,421889,92.44
2024,students and faculty,3,39,421889,92.44
2024,between on oct,3,39,421889,92.44
2024,office of community,3,39,421889,92.44
2024,between on dec,3,38,421889,90.07
2024,santa teresa street,3,38,421889,90.07
2024,reported at santa,3,36,421889,85.33
2024,sudps for comment,3,36,421889,85.33
2024,student council gsc,3,35,421889,82.96
2024,between on jan,3,35,421889,82.96
2024,electric scooter between,3,34,421889,80.59
2024,school of sustainability,3,34,421889,80.59
2024,between on feb,3,33,421889,78.22
2024,crime and safety,3,32,421889,75.85
2024,building petty theft,3,32,421889,75.85
2024,university of california,3,32,421889,75.85
2024,reporting on crime,3,31,421889,73.48
2024,university for comment,3,30,421889,71.11
2024,fossil fuel companies,3,30,421889,71.11
2024,lot of people,3,29,421889,68.74
2024,workers union sgwu,3,29,421889,68.74
2024,sgwu bargaining committee,3,29,421889,68.74
2024,saller and martinez,3,28,421889,66.37
2024,safety sudps bulletin,3,28,421889,66.37
2024,sudps bulletin learn,3,28,421889,66.37
2024,between on march,3,28,421889,66.37
2024,reported at serra,3,27,421889,64.0
2024,campus drive evgr,3,27,421889,64.0
2024,said the university,3,27,421889,64.0
2024,emphasized the importance,3,26,421889,61.63
2024,report covers selection,3,26,421889,61.63
2024,selection of incidents,3,26,421889,61.63
2024,sept was reported,3,26,421889,61.63
2024,between on nov,3,25,421889,59.26
2024,theft of money,3,25,421889,59.26
2024,theft from building,3,25,421889,59.26
2024,new york times,3,25,421889,59.26
2024,cost of living,3,25,421889,59.26
2024,saller and provost,3,24,421889,56.89
2024,vandalism of less,3,24,421889,56.89
2024,chen and allen,3,24,421889,56.89
2024,university spokesperson luisa,3,23,421889,54.52
2024,spokesperson luisa rapport,3,23,421889,54.52
2024,artificial intelligence ai,3,23,421889,54.52
2024,school of education,3,23,421889,54.52
2024,president jonathan levin,3,23,421889,54.52
2024,reported at lomita,3,22,421889,52.15
2024,escondido village studio,3,22,421889,52.15
2024,vehicle theft between,3,22,421889,52.15
2024,legacy and donor,3,22,421889,52.15
2024,ugs co chair,3,21,421889,49.78
2024,political science professor,3,21,421889,49.78
2024,wrote in statement,3,21,421889,49.78
2024,community standards ocs,3,21,421889,49.78
2024,freeman spogli institute,3,21,421889,49.78
2024,reported at olmsted,3,20,421889,47.41
2024,motor vehicle theft,3,20,421889,47.41
2024,presidential search committee,3,20,421889,47.41
2024,second year ph,3,20,421889,47.41
2024,undergraduate and graduate,3,20,421889,47.41
2024,humanities and sciences,3,20,421889,47.41
2024,drive evgr building,3,20,421889,47.41
2024,between on april,3,20,421889,47.41
2024,pro palestine encampment,3,20,421889,47.41
2025,trump administration,2,261,517252,504.59
2025,petty theft,2,251,517252,485.26
2025,associate professor,2,208,517252,402.13
2025,international students,2,147,517252,284.19
2025,motor vehicle,2,143,517252,276.46
2025,bicycle between,2,142,517252,274.53
2025,assistant professor,2,142,517252,274.53
2025,free speech,2,140,517252,270.66
2025,reached out,2,134,517252,259.06
2025,social media,2,130,517252,251.33
2025,last year,2,125,517252,241.66
2025,higher education,2,122,517252,235.86
2025,graduate student,2,114,517252,220.4
2025,grand theft,2,112,517252,216.53
2025,law school,2,111,517252,214.6
2025,computer science,2,110,517252,212.66
2025,united states,2,110,517252,212.66
2025,graduate school,2,110,517252,212.66
2025,donald trump,2,108,517252,208.8
2025,title ix,2,104,517252,201.06
2025,vice provost,2,101,517252,195.26
2025,vehicle between,2,98,517252,189.46
2025,university president,2,98,517252,189.46
2025,mental health,2,97,517252,187.53
2025,political science,2,97,517252,187.53
2025,graduate students,2,95,517252,183.66
2025,campus drive,2,95,517252,183.66
2025,high school,2,93,517252,179.8
2025,escondido village,2,92,517252,177.86
2025,president donald,2,90,517252,174.0
2025,jonathan levin,2,88,517252,170.13
2025,president jonathan,2,83,517252,160.46
2025,vice president,2,80,517252,154.66
2025,first year,2,79,517252,152.73
2025,information regarding,2,77,517252,148.86
2025,bay area,2,75,517252,145.0
2025,student body,2,74,517252,143.06
2025,federal funding,2,74,517252,143.06
2025,jenny martinez,2,73,517252,141.13
2025,provost jenny,2,72,517252,139.2
2025,feel like,2,71,517252,137.26
2025,santa clara,2,71,517252,137.26
2025,undergraduate senate,2,70,517252,135.33
2025,supreme court,2,70,517252,135.33
2025,faculty senate,2,70,517252,135.33
2025,academic freedom,2,70,517252,135.33
2025,ph student,2,69,517252,133.4
2025,palo alto,2,69,517252,133.4
2025,federal government,2,69,517252,133.4
2025,co chair,2,66,517252,127.6
2025,san francisco,2,66,517252,127.6
2025,public safety,2,65,517252,125.66
2025,student council,2,64,517252,123.73
2025,new york,2,63,517252,121.8
2025,asian american,2,63,517252,121.8
2025,community members,2,61,517252,117.93
2025,right now,2,59,517252,114.06
2025,white plaza,2,58,517252,112.13
2025,democracy day,2,58,517252,112.13
2025,behavioral sciences,2,57,517252,110.2
2025,last week,2,57,517252,110.2
2025,professor emeritus,2,56,517252,108.26
2025,escondido road,2,56,517252,108.26
2025,academic year,2,56,517252,108.26
2025,clara county,2,55,517252,106.33
2025,senate ugs,2,55,517252,106.33
2025,year ph,2,54,517252,104.4
2025,diversity equity,2,54,517252,104.4
2025,electric scooter,2,53,517252,102.46
2025,club sports,2,53,517252,102.46
2025,climate change,2,52,517252,100.53
2025,artificial intelligence,2,52,517252,100.53
2025,previous version,2,52,517252,100.53
2025,associated students,2,52,517252,100.53
2025,civil rights,2,51,517252,98.6
2025,long term,2,50,517252,96.66
2025,council gsc,2,50,517252,96.66
2025,student affairs,2,50,517252,96.66
2025,first time,2,49,517252,94.73
2025,university assu,2,49,517252,94.73
2025,white house,2,49,517252,94.73
2025,scooter between,2,47,517252,90.86
2025,make sure,2,47,517252,90.86
2025,hundred block,2,46,517252,88.93
2025,many students,2,46,517252,88.93
2025,graduate residences,2,46,517252,88.93
2025,research funding,2,46,517252,88.93
2025,senior fellow,2,45,517252,87.0
2025,disorderly conduct,2,45,517252,87.0
2025,levin said,2,45,517252,87.0
2025,global health,2,45,517252,87.0
2025,money labor,2,44,517252,85.06
2025,pro palestinian,2,44,517252,85.06
2025,phd professor,2,44,517252,85.06
2025,many people,2,43,517252,83.13
2025,first amendment,2,43,517252,83.13
2025,felt like,2,42,517252,81.2
2025,executive orders,2,42,517252,81.2
2025,phd student,2,42,517252,81.2
2025,clinical assistant,2,42,517252,81.2
2025,school of humanities,3,160,517251,309.33
2025,humanities and sciences,3,159,517251,307.39
2025,theft of bicycle,3,120,517251,232.0
2025,school of medicine,3,113,517251,218.46
2025,motor vehicle between,3,97,517251,187.53
2025,president donald trump,3,90,517251,174.0
2025,president jonathan levin,3,83,517251,160.46
2025,jane stanford way,3,81,517251,156.6
2025,out to sudps,3,79,517251,152.73
2025,reported at campus,3,77,517251,148.86
2025,burglary from motor,3,76,517251,146.93
2025,provost jenny martinez,3,72,517251,139.2
2025,university president jonathan,3,72,517251,139.2
2025,reported at escondido,3,69,517251,133.4
2025,reported at jane,3,69,517251,133.4
2025,school of education,3,66,517251,127.6
2025,march was reported,3,65,517251,125.66
2025,department of public,3,61,517251,117.93
2025,jan was reported,3,61,517251,117.93
2025,graduate student council,3,61,517251,117.93
2025,across the country,3,57,517251,110.2
2025,santa clara county,3,55,517251,106.33
2025,undergraduate senate ugs,3,55,517251,106.33
2025,dec was reported,3,54,517251,104.4
2025,regrets this error,3,51,517251,98.6
2025,student council gsc,3,50,517251,96.66
2025,equity and inclusion,3,50,517251,96.66
2025,oct was reported,3,49,517251,94.73
2025,nov was reported,3,49,517251,94.73
2025,electric scooter between,3,47,517251,90.86
2025,april was reported,3,47,517251,90.86
2025,sept was reported,3,46,517251,88.93
2025,theft of money,3,44,517251,85.07
2025,between on march,3,44,517251,85.07
2025,psychiatry and behavioral,3,43,517251,83.13
2025,regarding the report,3,42,517251,81.2
2025,clinical assistant professor,3,42,517251,81.2
2025,all other larceny,3,40,517251,77.33
2025,school of business,3,40,517251,77.33
2025,students and faculty,3,40,517251,77.33
2025,escondido village graduate,3,39,517251,75.4
2025,public safety sudps,3,38,517251,73.47
2025,feb was reported,3,38,517251,73.47
2025,electric bicycle between,3,37,517251,71.53
2025,department of education,3,37,517251,71.53
2025,graduate residences building,3,37,517251,71.53
2025,professor of history,3,37,517251,71.53
2025,colleges and universities,3,35,517251,67.67
2025,village graduate residences,3,35,517251,67.67
2025,santa teresa street,3,35,517251,67.67
2025,year ph student,3,34,517251,65.73
2025,reported at santa,3,34,517251,65.73
2025,faculty and staff,3,33,517251,63.8
2025,levin and provost,3,32,517251,61.87
2025,levin and martinez,3,32,517251,61.87
2025,around the world,3,31,517251,59.93
2025,between on oct,3,31,517251,59.93
2025,science and engineering,3,31,517251,59.93
2025,freeman spogli institute,3,31,517251,59.93
2025,updated to reflect,3,31,517251,59.93
2025,professor of law,3,31,517251,59.93
2025,clinical associate professor,3,31,517251,59.93
2025,reported at serra,3,31,517251,59.93
2025,school of sustainability,3,30,517251,58.0
2025,building petty theft,3,30,517251,58.0
2025,money labor property,3,30,517251,58.0
2025,school of engineering,3,30,517251,58.0
2025,between on april,3,30,517251,58.0
2025,emphasized the importance,3,29,517251,56.07
2025,reporting on crime,3,28,517251,54.13
2025,crime and safety,3,28,517251,54.13
2025,between on nov,3,28,517251,54.13
2025,theft and all,3,28,517251,54.13
2025,lot of people,3,28,517251,54.13
2025,safety sudps bulletin,3,27,517251,52.2
2025,sudps bulletin learn,3,27,517251,52.2
2025,artificial intelligence ai,3,27,517251,52.2
2025,office of community,3,27,517251,52.2
2025,professor of medicine,3,27,517251,52.2
2025,report covers incidents,3,26,517251,50.27
2025,theft from building,3,26,517251,50.27
2025,ugs co chair,3,26,517251,50.27
2025,dining enterprises de,3,26,517251,50.27
2025,rule of law,3,26,517251,50.27
2025,phd associate professor,3,26,517251,50.27
2025,synergy and terra,3,26,517251,50.27
2025,justice in palestine,3,25,517251,48.33
2025,professor graduate school,3,25,517251,48.33
2025,said the university,3,24,517251,46.4
2025,reported at lasuen,3,24,517251,46.4
2025,civil and environmental,3,24,517251,46.4
2025,professor of physics,3,24,517251,46.4
2025,program in writing,3,23,517251,44.47
2025,political science professor,3,23,517251,44.47
2025,secretary of state,3,23,517251,44.47
2025,university of california,3,23,517251,44.47
2025,writing and rhetoric,3,22,517251,42.53
2025,between on dec,3,22,517251,42.53
2025,second degree burglary,3,22,517251,42.53
2025,bridge peer counseling,3,22,517251,42.53
2026,petty theft,2,174,331110,525.51
2026,bicycle between,2,128,331110,386.58
2026,reached out,2,112,331110,338.26
2026,grand theft,2,91,331110,274.83
2026,escondido village,2,81,331110,244.63
2026,free speech,2,78,331110,235.57
2026,ph candidate,2,73,331110,220.47
2026,information regarding,2,73,331110,220.47
2026,palo alto,2,72,331110,217.45
2026,trump administration,2,70,331110,211.41
2026,last year,2,64,331110,193.29
2026,united states,2,63,331110,190.27
2026,mental health,2,63,331110,190.27
2026,campus drive,2,62,331110,187.25
2026,white plaza,2,62,331110,187.25
2026,social media,2,59,331110,178.19
2026,date drop,2,57,331110,172.15
2026,new york,2,56,331110,169.13
2026,graduate students,2,55,331110,166.11
2026,ph student,2,55,331110,166.11
2026,undergraduate senate,2,55,331110,166.11
2026,high school,2,54,331110,163.09
2026,vice provost,2,54,331110,163.09
2026,graduate student,2,52,331110,157.05
2026,public safety,2,51,331110,154.03
2026,electric bicycle,2,51,331110,154.03
2026,motor vehicle,2,51,331110,154.03
2026,academic freedom,2,51,331110,154.03
2026,graduate school,2,51,331110,154.03
2026,law school,2,50,331110,151.01
2026,silicon valley,2,50,331110,151.01
2026,santa clara,2,50,331110,151.01
2026,vice president,2,50,331110,151.01
2026,year ph,2,49,331110,147.99
2026,bay area,2,49,331110,147.99
2026,academic year,2,48,331110,144.97
2026,federal government,2,46,331110,138.93
2026,higher education,2,45,331110,135.91
2026,faculty senate,2,45,331110,135.91
2026,sexual assault,2,45,331110,135.91
2026,graduate residences,2,42,331110,126.85
2026,civil rights,2,42,331110,126.85
2026,long term,2,42,331110,126.85
2026,marriage pact,2,39,331110,117.79
2026,senate ugs,2,39,331110,117.79
2026,vehicle between,2,38,331110,114.77
2026,first time,2,38,331110,114.77
2026,university president,2,38,331110,114.77
2026,co chair,2,38,331110,114.77
2026,computer science,2,37,331110,111.75
2026,san francisco,2,37,331110,111.75
2026,village graduate,2,37,331110,111.75
2026,clara county,2,37,331110,111.75
2026,sexual violence,2,37,331110,111.75
2026,lewis weber,2,37,331110,111.75
2026,community members,2,36,331110,108.73
2026,safety sudps,2,36,331110,108.73
2026,residences building,2,35,331110,105.71
2026,santa teresa,2,35,331110,105.71
2026,student body,2,35,331110,105.71
2026,two years,2,35,331110,105.71
2026,international students,2,35,331110,105.71
2026,artificial intelligence,2,34,331110,102.68
2026,student council,2,34,331110,102.68
2026,first year,2,34,331110,102.68
2026,working group,2,34,331110,102.68
2026,beyond sex,2,34,331110,102.68
2026,associated students,2,33,331110,99.66
2026,medical school,2,33,331110,99.66
2026,elections commission,2,33,331110,99.66
2026,escondido road,2,32,331110,96.64
2026,david sengthay,2,32,331110,96.64
2026,university assu,2,32,331110,96.64
2026,make sure,2,32,331110,96.64
2026,joint resolution,2,31,331110,93.62
2026,council gsc,2,31,331110,93.62
2026,viewpoint diversity,2,31,331110,93.62
2026,gender affirming,2,30,331110,90.6
2026,university department,2,30,331110,90.6
2026,ugs chair,2,30,331110,90.6
2026,chair david,2,30,331110,90.6
2026,feel like,2,30,331110,90.6
2026,sigma chi,2,30,331110,90.6
2026,student organizations,2,30,331110,90.6
2026,building between,2,29,331110,87.58
2026,electric scooter,2,28,331110,84.56
2026,next year,2,28,331110,84.56
2026,joint bill,2,28,331110,84.56
2026,york times,2,28,331110,84.56
2026,real world,2,27,331110,81.54
2026,scooter between,2,27,331110,81.54
2026,student speakers,2,27,331110,81.54
2026,title ix,2,27,331110,81.54
2026,supreme court,2,27,331110,81.54
2026,teresa street,2,26,331110,78.52
2026,many students,2,26,331110,78.52
2026,student affairs,2,26,331110,78.52
2026,last week,2,26,331110,78.52
2026,one another,2,26,331110,78.52
2026,jeffrey epstein,2,26,331110,78.52
2026,theft of bicycle,3,94,331109,283.89
2026,out to sudps,3,70,331109,211.41
2026,jane stanford way,3,48,331109,144.97
2026,electric bicycle between,3,47,331109,141.95
2026,reported at campus,3,47,331109,141.95
2026,jan was reported,3,45,331109,135.91
2026,department of public,3,43,331109,129.87
2026,reported at escondido,3,42,331109,126.85
2026,feb was reported,3,39,331109,117.79
2026,reported at jane,3,38,331109,114.77
2026,undergraduate senate ugs,3,38,331109,114.77
2026,santa clara county,3,37,331109,111.75
2026,public safety sudps,3,36,331109,108.73
2026,escondido village graduate,3,36,331109,108.73
2026,village graduate residences,3,36,331109,108.73
2026,april was reported,3,36,331109,108.73
2026,year ph student,3,35,331109,105.71
2026,motor vehicle between,3,35,331109,105.71
2026,graduate residences building,3,35,331109,105.71
2026,reported at santa,3,35,331109,105.71
2026,march was reported,3,34,331109,102.69
2026,graduate student council,3,32,331109,96.64
2026,beyond sex ed,3,32,331109,96.64
2026,student council gsc,3,29,331109,87.58
2026,chair david sengthay,3,28,331109,84.56
2026,new york times,3,28,331109,84.56
2026,between on march,3,28,331109,84.56
2026,dec was reported,3,27,331109,81.54
2026,electric scooter between,3,27,331109,81.54
2026,theft from building,3,27,331109,81.54
2026,school of business,3,27,331109,81.54
2026,across the country,3,27,331109,81.54
2026,between on feb,3,27,331109,81.54
2026,santa teresa street,3,26,331109,78.52
2026,regarding the report,3,26,331109,78.52
2026,ugs chair david,3,26,331109,78.52
2026,department of justice,3,26,331109,78.52
2026,all other larceny,3,25,331109,75.5
2026,between on jan,3,25,331109,75.5
2026,burglary from motor,3,24,331109,72.48
2026,president jonathan levin,3,23,331109,69.46
2026,hammerstrom and vargas,3,23,331109,69.46
2026,between on april,3,23,331109,69.46
2026,gender affirming care,3,21,331109,63.42
2026,between on dec,3,21,331109,63.42
2026,building petty theft,3,21,331109,63.42
2026,lot of people,3,21,331109,63.42
2026,university of california,3,21,331109,63.42
2026,reported at serra,3,20,331109,60.4
2026,justice in palestine,3,20,331109,60.4
2026,reported at arguello,3,19,331109,57.38
2026,regrets this error,3,19,331109,57.38
2026,school of medicine,3,19,331109,57.38
2026,university president jonathan,3,19,331109,57.38
2026,reported at galvez,3,18,331109,54.36
2026,customs enforcement ice,3,18,331109,54.36
2026,students and faculty,3,18,331109,54.36
2026,school of sustainability,3,17,331109,51.34
2026,report covers incidents,3,17,331109,51.34
2026,safety sudps bulletin,3,17,331109,51.34
2026,sudps bulletin learn,3,17,331109,51.34
2026,reporting on crime,3,17,331109,51.34
2026,crime and safety,3,17,331109,51.34
2026,office of community,3,17,331109,51.34
2026,president donald trump,3,17,331109,51.34
2026,escondido village building,3,16,331109,48.32
2026,reported at mayfield,3,16,331109,48.32
2026,community standards ocs,3,16,331109,48.32
2026,immigration and customs,3,16,331109,48.32
2026,around the world,3,16,331109,48.32
2026,request for comment,3,16,331109,48.32
2026,provost jenny martinez,3,16,331109,48.32
2026,incident was cleared,3,16,331109,48.32
2026,reported at lasuen,3,15,331109,45.3
2026,political science professor,3,15,331109,45.3
2026,school of education,3,15,331109,45.3
2026,student activities fee,3,15,331109,45.3
2026,cleared by arrest,3,15,331109,45.3
2026,serra street escondido,3,14,331109,42.28
2026,street escondido village,3,14,331109,42.28
2026,association of university,3,14,331109,42.28
2026,passed the joint,3,14,331109,42.28
2026,sixth year ph,3,14,331109,42.28
2026,undergraduate and graduate,3,14,331109,42.28
2026,residential education resed,3,14,331109,42.28
2026,reported at via,3,14,331109,42.28
2026,students for justice,3,14,331109,42.28
2026,provost for student,3,13,331109,39.26
2026,university of pennsylvania,3,13,331109,39.26
2026,year ph candidate,3,13,331109,39.26
2026,board of trustees,3,13,331109,39.26
2026,theft and all,3,13,331109,39.26
2026,room and board,3,13,331109,39.26
2026,student safety report,3,13,331109,39.26
2026,humanities and sciences,3,12,331109,36.24
2026,vandalism of less,3,12,331109,36.24
2026,theft of money,3,12,331109,36.24
2026,court escondido village,3,12,331109,36.24
2026,university professors aaup,3,12,331109,36.24
2026,secretary of state,3,12,331109,36.24
